timestamp,user_id,user_name,user_email,street,neighborhood,state,country,zip_code,order_number,order_date,order_status,traded_with,trader_street,trader_neighborhood,trader_state,trader_country,trader_zip_code,comment,rating,payment_method,quantity,product_id,product_name,product_variant,product_brand,product_description,product_image,category_id,category_name,quantity_available,price,last_restock_date
2023-11-28 13:21:06Z,346c56fe-6f13-a35f-b686-fd70fe39980a,user6,user6@example.com,"Street 6, 224",GHI,CA,United States,30547,ORD1,2023-11-14T18:03:54-05:00,Pending,c257e962-53a6-4d22-9a55-30569f5133b8,"Street 7, 272",JKL,TX,Canada,23454,Bad,2,pix,3,41,Product41,white,Microsoft,Description41,https://example.com/image41.jpg,1,Categoria1,24,401.12,2023-11-28 13:21:06Z
2023-11-08 09:13:03Z,99ec5f74-064a-36e4-9367-08217bc880b2,user5,user5@example.com,"Street 5, 330",JKL,NY,Brasil,59925,ORD2,2023-11-09T00:58:40-05:00,Pending,c257e962-53a6-4d22-9a55-30569f5133b8,"Street 7, 272",JKL,TX,Canada,23454,Bom,4,debit,2,54,Product54,green,Google,Description54,https://example.com/image54.jpg,1,Categoria1,51,91.32,2023-11-08 09:13:03Z
2023-11-07 16:17:16Z,0eb8c406-21cd-1d92-70e0-b1279008a12f,user11,user11@example.com,"Street 11, 853",ABC,TX,United States,32400,ORD3,2023-11-11T20:05:28-05:00,Completed,0eb8c406-21cd-1d92-70e0-b1279008a12f,"Street 11, 853",ABC,TX,United States,32400,Terrible,1,cash,2,87,Product87,red,Apple,Description87,https://example.com/image87.jpg,1,Categoria1,52,210.36,2023-11-07 16:17:16Z
2023-11-06 04:45:32Z,2937c3dd-a3ed-42a0-4607-77f4974fbfa7,user2,user2@example.com,"Street 2, 59",DEF,CA,Canada,52673,ORD4,2023-11-11T07:55:12-05:00,Pending,0eb8c406-21cd-1d92-70e0-b1279008a12f,"Street 11, 853",ABC,TX,United States,32400,Bad,5,credit,5,69,Product69,blue,Apple,Description69,https://example.com/image69.jpg,1,Categoria1,41,86.42,2023-11-06 04:45:32Z
2023-11-07 21:30:28Z,2937c3dd-a3ed-42a0-4607-77f4974fbfa7,user2,user2@example.com,"Street 2, 59",DEF,CA,Canada,52673,ORD5,2023-11-13T15:17:39-05:00,Cancelled,d5ef2718-16f7-b5cd-44b3-7f717e6c78fd,"Street 12, 653",ABC,SC,United States,13469,Okay,4,debit,3,62,Product62,green,Sony,Description62,https://example.com/image62.jpg,1,Categoria1,44,8.83,2023-11-07 21:30:28Z
2023-11-07 14:15:26Z,b3b08fca-c21b-c8ad-f4d6-c6a56be26a24,user1,user1@example.com,"Street 1, 622",DEF,SC,Canada,72173,ORD6,2023-11-20T09:53:07-05:00,Completed,f200c2e4-9923-386d-f9a8-e30e0f1c0022,"Street 8, 566",ABC,CA,Brasil,55549,Okay,5,cash,4,44,Product44,black,Google,Description44,https://example.com/image44.jpg,1,Categoria1,63,36.46,2023-11-07 14:15:26Z
2023-11-28 21:15:43Z,2937c3dd-a3ed-42a0-4607-77f4974fbfa7,user2,user2@example.com,"Street 2, 59",DEF,CA,Canada,52673,ORD7,2023-11-30T20:53:13-05:00,Pending,f200c2e4-9923-386d-f9a8-e30e0f1c0022,"Street 8, 566",ABC,CA,Brasil,55549,Bom,4,credit,2,15,Product15,white,Samsung,Description15,https://example.com/image15.jpg,1,Categoria1,48,168.18,2023-11-28 21:15:43Z
2023-11-15 15:26:31Z,d5ef2718-16f7-b5cd-44b3-7f717e6c78fd,user12,user12@example.com,"Street 12, 653",ABC,SC,United States,13469,ORD8,2023-11-19T00:14:03-05:00,Pending,0eb8c406-21cd-1d92-70e0-b1279008a12f,"Street 11, 853",ABC,TX,United States,32400,Okay,4,pix,4,108,Product108,green,Samsung,Description108,https://example.com/image108.jpg,1,Categoria1,85,224.97,2023-11-15 15:26:31Z
2023-11-05 09:44:05Z,c257e962-53a6-4d22-9a55-30569f5133b8,user7,user7@example.com,"Street 7, 272",JKL,TX,Canada,23454,ORD9,2023-11-19T15:24:28-05:00,Pending,9641756c-3f37-67de-d4b4-a56c647ccb22,"Street 9, 953",JKL,TX,United States,72797,Terrible,3,cash,1,25,Product25,white,Google,Description25,https://example.com/image25.jpg,1,Categoria1,39,22.23,2023-11-05 09:44:05Z
2023-11-06 21:42:09Z,2937c3dd-a3ed-42a0-4607-77f4974fbfa7,user2,user2@example.com,"Street 2, 59",DEF,CA,Canada,52673,ORD10,2023-11-25T10:52:49-05:00,Pending,d5ef2718-16f7-b5cd-44b3-7f717e6c78fd,"Street 12, 653",ABC,SC,United States,13469,Bom,5,pix,1,124,Product124,green,Sony,Description124,https://example.com/image124.jpg,1,Categoria1,25,156.04,2023-11-06 21:42:09Z
2023-11-20 02:35:48Z,9641756c-3f37-67de-d4b4-a56c647ccb22,user9,user9@example.com,"Street 9, 953",JKL,TX,United States,72797,ORD11,2023-11-23T20:54:42-05:00,Pending,854a5ffd-649b-aef7-3a81-7a0eb5ac671e,"Street 10, 937",ABC,NY,Canada,65890,Bom,1,credit,1,23,Product23,white,Microsoft,Description23,https://example.com/image23.jpg,1,Categoria1,6,495.29,2023-11-20 02:35:48Z
2023-11-05 20:40:41Z,9641756c-3f37-67de-d4b4-a56c647ccb22,user9,user9@example.com,"Street 9, 953",JKL,TX,United States,72797,ORD12,2023-11-13T18:30:36-05:00,Cancelled,b3b08fca-c21b-c8ad-f4d6-c6a56be26a24,"Street 1, 622",DEF,SC,Canada,72173,Terrible,3,debit,1,83,Product83,blue,Microsoft,Description83,https://example.com/image83.jpg,1,Categoria1,74,218.04,2023-11-05 20:40:41Z
2023-11-16 09:26:26Z,0eb8c406-21cd-1d92-70e0-b1279008a12f,user11,user11@example.com,"Street 11, 853",ABC,TX,United States,32400,ORD13,2023-11-22T10:38:35-05:00,Cancelled,0eb8c406-21cd-1d92-70e0-b1279008a12f,"Street 11, 853",ABC,TX,United States,32400,Bom,1,credit,4,80,Product80,black,Sony,Description80,https://example.com/image80.jpg,1,Categoria1,15,228.23,2023-11-16 09:26:26Z
2023-11-09 15:18:05Z,b3b08fca-c21b-c8ad-f4d6-c6a56be26a24,user1,user1@example.com,"Street 1, 622",DEF,SC,Canada,72173,ORD14,2023-11-20T05:00:47-05:00,Cancelled,b3b08fca-c21b-c8ad-f4d6-c6a56be26a24,"Street 1, 622",DEF,SC,Canada,72173,Terrible,4,pix,1,101,Product101,red,Samsung,Description101,https://example.com/image101.jpg,1,Categoria1,40,201.37,2023-11-09 15:18:05Z
2023-11-28 15:01:28Z,c257e962-53a6-4d22-9a55-30569f5133b8,user7,user7@example.com,"Street 7, 272",JKL,TX,Canada,23454,ORD15,2023-11-27T14:44:12-05:00,Pending,b3b08fca-c21b-c8ad-f4d6-c6a56be26a24,"Street 1, 622",DEF,SC,Canada,72173,Terrible,3,pix,5,38,Product38,blue,Microsoft,Description38,https://example.com/image38.jpg,1,Categoria1,95,175.81,2023-11-28 15:01:28Z
2023-11-27 00:38:44Z,c257e962-53a6-4d22-9a55-30569f5133b8,user7,user7@example.com,"Street 7, 272",JKL,TX,Canada,23454,ORD16,2023-11-30T04:52:43-05:00,Cancelled,9641756c-3f37-67de-d4b4-a56c647ccb22,"Street 9, 953",JKL,TX,United States,72797,Bom,2,debit,3,81,Product81,black,Google,Description81,https://example.com/image81.jpg,1,Categoria1,73,316.37,2023-11-27 00:38:44Z
2023-11-26 01:22:54Z,f200c2e4-9923-386d-f9a8-e30e0f1c0022,user8,user8@example.com,"Street 8, 566",ABC,CA,Brasil,55549,ORD17,2023-11-09T00:10:08-05:00,Cancelled,9641756c-3f37-67de-d4b4-a56c647ccb22,"Street 9, 953",JKL,TX,United States,72797,Okay,3,credit,3,3,Product3,blue,Samsung,Description3,https://example.com/image3.jpg,1,Categoria1,81,144.21,2023-11-26 01:22:54Z
2023-11-03 10:49:59Z,9641756c-3f37-67de-d4b4-a56c647ccb22,user9,user9@example.com,"Street 9, 953",JKL,TX,United States,72797,ORD18,2023-11-20T05:52:51-05:00,Cancelled,d5ef2718-16f7-b5cd-44b3-7f717e6c78fd,"Street 12, 653",ABC,SC,United States,13469,Okay,1,credit,2,27,Product27,white,Samsung,Description27,https://example.com/image27.jpg,1,Categoria1,49,285.41,2023-11-03 10:49:59Z
2023-11-26 17:21:32Z,346c56fe-6f13-a35f-b686-fd70fe39980a,user6,user6@example.com,"Street 6, 224",GHI,CA,United States,30547,ORD19,2023-11-14T00:03:43-05:00,Cancelled,d5ef2718-16f7-b5cd-44b3-7f717e6c78fd,"Street 12, 653",ABC,SC,United States,13469,Bad,5,credit,4,125,Product125,white,Apple,Description125,https://example.com/image125.jpg,1,Categoria1,65,96.08,2023-11-26 17:21:32Z
2023-11-04 01:10:24Z,d5ef2718-16f7-b5cd-44b3-7f717e6c78fd,user12,user12@example.com,"Street 12, 653",ABC,SC,United States,13469,ORD20,2023-11-29T09:39:17-05:00,Cancelled,9641756c-3f37-67de-d4b4-a56c647ccb22,"Street 9, 953",JKL,TX,United States,72797,Bom,5,debit,1,107,Product107,red,Google,Description107,https://example.com/image107.jpg,1,Categoria1,7,273.72,2023-11-04 01:10:24Z
2023-11-02 10:26:20Z,346c56fe-6f13-a35f-b686-fd70fe39980a,user6,user6@example.com,"Street 6, 224",GHI,CA,United States,30547,ORD21,2023-11-13T01:33:33-05:00,Cancelled,854a5ffd-649b-aef7-3a81-7a0eb5ac671e,"Street 10, 937",ABC,NY,Canada,65890,Terrible,3,cash,5,42,Product42,green,Samsung,Description42,https://example.com/image42.jpg,1,Categoria1,25,204.83,2023-11-02 10:26:20Z
2023-11-07 12:05:40Z,2937c3dd-a3ed-42a0-4607-77f4974fbfa7,user2,user2@example.com,"Street 2, 59",DEF,CA,Canada,52673,ORD22,2023-11-21T22:05:39-05:00,Cancelled,c257e962-53a6-4d22-9a55-30569f5133b8,"Street 7, 272",JKL,TX,Canada,23454,Bom,1,pix,3,10,Product10,blue,Google,Description10,https://example.com/image10.jpg,1,Categoria1,77,203.56,2023-11-07 12:05:40Z
2023-11-28 05:52:53Z,2937c3dd-a3ed-42a0-4607-77f4974fbfa7,user2,user2@example.com,"Street 2, 59",DEF,CA,Canada,52673,ORD23,2023-11-30T06:14:33-05:00,Completed,b3b08fca-c21b-c8ad-f4d6-c6a56be26a24,"Street 1, 622",DEF,SC,Canada,72173,Bom,1,pix,5,98,Product98,white,Apple,Description98,https://example.com/image98.jpg,1,Categoria1,19,88.11,2023-11-28 05:52:53Z
2023-11-01 17:31:34Z,9641756c-3f37-67de-d4b4-a56c647ccb22,user9,user9@example.com,"Street 9, 953",JKL,TX,United States,72797,ORD24,2023-11-19T10:49:58-05:00,Pending,346c56fe-6f13-a35f-b686-fd70fe39980a,"Street 6, 224",GHI,CA,United States,30547,Bom,3,credit,5,38,Product38,blue,Microsoft,Description38,https://example.com/image38.jpg,1,Categoria1,95,175.81,2023-11-01 17:31:34Z
2023-11-16 18:49:51Z,0eb8c406-21cd-1d92-70e0-b1279008a12f,user11,user11@example.com,"Street 11, 853",ABC,TX,United States,32400,ORD25,2023-11-06T17:05:09-05:00,Cancelled,b3b08fca-c21b-c8ad-f4d6-c6a56be26a24,"Street 1, 622",DEF,SC,Canada,72173,Okay,4,credit,3,57,Product57,white,Apple,Description57,https://example.com/image57.jpg,1,Categoria1,0,236.17,2023-11-16 18:49:51Z
2023-11-29 11:50:52Z,346c56fe-6f13-a35f-b686-fd70fe39980a,user6,user6@example.com,"Street 6, 224",GHI,CA,United States,30547,ORD26,2023-11-07T08:45:14-05:00,Completed,c257e962-53a6-4d22-9a55-30569f5133b8,"Street 7, 272",JKL,TX,Canada,23454,Great,4,cash,4,77,Product77,green,Microsoft,Description77,https://example.com/image77.jpg,1,Categoria1,39,135.26,2023-11-29 11:50:52Z
2023-11-10 20:46:58Z,346c56fe-6f13-a35f-b686-fd70fe39980a,user6,user6@example.com,"Street 6, 224",GHI,CA,United States,30547,ORD27,2023-11-14T00:32:33-05:00,Completed,9641756c-3f37-67de-d4b4-a56c647ccb22,"Street 9, 953",JKL,TX,United States,72797,Okay,2,cash,4,91,Product91,blue,Sony,Description91,https://example.com/image91.jpg,1,Categoria1,44,200.54,2023-11-10 20:46:58Z
2023-11-16 00:23:41Z,346c56fe-6f13-a35f-b686-fd70fe39980a,user6,user6@example.com,"Street 6, 224",GHI,CA,United States,30547,ORD28,2023-11-10T07:46:31-05:00,Pending,3e9cf4eb-21c3-7b92-f7eb-3dccfb6a553d,"Street 3, 55",GHI,NY,Canada,27498,Bad,5,pix,3,78,Product78,black,Apple,Description78,https://example.com/image78.jpg,1,Categoria1,10,218.69,2023-11-16 00:23:41Z
2023-11-17 21:42:17Z,99ec5f74-064a-36e4-9367-08217bc880b2,user5,user5@example.com,"Street 5, 330",JKL,NY,Brasil,59925,ORD29,2023-11-15T11:33:46-05:00,Pending,b3b08fca-c21b-c8ad-f4d6-c6a56be26a24,"Street 1, 622",DEF,SC,Canada,72173,Bom,5,pix,2,80,Product80,black,Sony,Description80,https://example.com/image80.jpg,1,Categoria1,15,228.23,2023-11-17 21:42:17Z
2023-11-23 00:48:52Z,e64773a8-b11e-d252-aed3-ae60b9d77a81,user4,user4@example.com,"Street 4, 683",JKL,CA,Brasil,14193,ORD30,2023-11-16T01:59:04-05:00,Pending,2937c3dd-a3ed-42a0-4607-77f4974fbfa7,"Street 2, 59",DEF,CA,Canada,52673,Terrible,2,pix,2,93,Product93,black,Google,Description93,https://example.com/image93.jpg,1,Categoria1,95,140.05,2023-11-23 00:48:52Z
2023-11-26 09:32:53Z,9641756c-3f37-67de-d4b4-a56c647ccb22,user9,user9@example.com,"Street 9, 953",JKL,TX,United States,72797,ORD31,2023-11-19T04:29:06-05:00,Cancelled,c257e962-53a6-4d22-9a55-30569f5133b8,"Street 7, 272",JKL,TX,Canada,23454,Bom,5,cash,4,13,Product13,blue,Sony,Description13,https://example.com/image13.jpg,1,Categoria1,14,362.33,2023-11-26 09:32:53Z
2023-11-09 01:53:44Z,b3b08fca-c21b-c8ad-f4d6-c6a56be26a24,user1,user1@example.com,"Street 1, 622",DEF,SC,Canada,72173,ORD32,2023-11-20T06:33:39-05:00,Completed,346c56fe-6f13-a35f-b686-fd70fe39980a,"Street 6, 224",GHI,CA,United States,30547,Okay,2,pix,4,16,Product16,black,Google,Description16,https://example.com/image16.jpg,1,Categoria1,7,300.28,2023-11-09 01:53:44Z
2023-11-01 04:05:44Z,b3b08fca-c21b-c8ad-f4d6-c6a56be26a24,user1,user1@example.com,"Street 1, 622",DEF,SC,Canada,72173,ORD33,2023-11-04T16:17:21-05:00,Completed,346c56fe-6f13-a35f-b686-fd70fe39980a,"Street 6, 224",GHI,CA,United States,30547,Bom,1,cash,4,10,Product10,blue,Google,Description10,https://example.com/image10.jpg,1,Categoria1,77,203.56,2023-11-01 04:05:44Z
2023-11-20 22:22:00Z,e64773a8-b11e-d252-aed3-ae60b9d77a81,user4,user4@example.com,"Street 4, 683",JKL,CA,Brasil,14193,ORD34,2023-11-30T18:31:37-05:00,Pending,f200c2e4-9923-386d-f9a8-e30e0f1c0022,"Street 8, 566",ABC,CA,Brasil,55549,Bom,4,cash,5,97,Product97,red,Samsung,Description97,https://example.com/image97.jpg,1,Categoria1,60,398.37,2023-11-20 22:22:00Z
2023-11-22 00:50:10Z,f200c2e4-9923-386d-f9a8-e30e0f1c0022,user8,user8@example.com,"Street 8, 566",ABC,CA,Brasil,55549,ORD35,2023-11-03T13:24:28-05:00,Cancelled,3e9cf4eb-21c3-7b92-f7eb-3dccfb6a553d,"Street 3, 55",GHI,NY,Canada,27498,Bad,5,credit,4,2,Product2,red,Microsoft,Description2,https://example.com/image2.jpg,1,Categoria1,13,380.0,2023-11-22 00:50:10Z
2023-11-12 17:05:13Z,99ec5f74-064a-36e4-9367-08217bc880b2,user5,user5@example.com,"Street 5, 330",JKL,NY,Brasil,59925,ORD36,2023-11-12T04:45:50-05:00,Cancelled,9641756c-3f37-67de-d4b4-a56c647ccb22,"Street 9, 953",JKL,TX,United States,72797,Bad,5,credit,3,78,Product78,black,Apple,Description78,https://example.com/image78.jpg,1,Categoria1,10,218.69,2023-11-12 17:05:13Z
2023-11-02 22:48:50Z,c257e962-53a6-4d22-9a55-30569f5133b8,user7,user7@example.com,"Street 7, 272",JKL,TX,Canada,23454,ORD37,2023-11-24T02:29:03-05:00,Pending,f200c2e4-9923-386d-f9a8-e30e0f1c0022,"Street 8, 566",ABC,CA,Brasil,55549,Great,4,credit,5,56,Product56,black,Google,Description56,https://example.com/image56.jpg,1,Categoria1,85,452.26,2023-11-02 22:48:50Z
2023-11-06 15:36:06Z,9641756c-3f37-67de-d4b4-a56c647ccb22,user9,user9@example.com,"Street 9, 953",JKL,TX,United States,72797,ORD38,2023-11-30T04:04:06-05:00,Cancelled,e64773a8-b11e-d252-aed3-ae60b9d77a81,"Street 4, 683",JKL,CA,Brasil,14193,Great,1,cash,4,94,Product94,blue,Sony,Description94,https://example.com/image94.jpg,1,Categoria1,94,182.16,2023-11-06 15:36:06Z
2023-11-18 00:33:28Z,346c56fe-6f13-a35f-b686-fd70fe39980a,user6,user6@example.com,"Street 6, 224",GHI,CA,United States,30547,ORD39,2023-11-23T13:18:43-05:00,Completed,0eb8c406-21cd-1d92-70e0-b1279008a12f,"Street 11, 853",ABC,TX,United States,32400,Okay,3,debit,5,60,Product60,red,Google,Description60,https://example.com/image60.jpg,1,Categoria1,45,137.42,2023-11-18 00:33:28Z
2023-11-26 12:08:24Z,d5ef2718-16f7-b5cd-44b3-7f717e6c78fd,user12,user12@example.com,"Street 12, 653",ABC,SC,United States,13469,ORD40,2023-11-10T13:00:03-05:00,Cancelled,2937c3dd-a3ed-42a0-4607-77f4974fbfa7,"Street 2, 59",DEF,CA,Canada,52673,Terrible,3,cash,3,34,Product34,white,Google,Description34,https://example.com/image34.jpg,1,Categoria1,3,146.2,2023-11-26 12:08:24Z
2023-11-11 18:28:26Z,b3b08fca-c21b-c8ad-f4d6-c6a56be26a24,user1,user1@example.com,"Street 1, 622",DEF,SC,Canada,72173,ORD41,2023-11-15T18:17:26-05:00,Pending,99ec5f74-064a-36e4-9367-08217bc880b2,"Street 5, 330",JKL,NY,Brasil,59925,Bad,3,debit,1,20,Product20,red,Microsoft,Description20,https://example.com/image20.jpg,1,Categoria1,11,407.51,2023-11-11 18:28:26Z
2023-11-02 06:51:32Z,346c56fe-6f13-a35f-b686-fd70fe39980a,user6,user6@example.com,"Street 6, 224",GHI,CA,United States,30547,ORD42,2023-11-29T08:00:48-05:00,Pending,854a5ffd-649b-aef7-3a81-7a0eb5ac671e,"Street 10, 937",ABC,NY,Canada,65890,Bad,1,credit,4,83,Product83,blue,Microsoft,Description83,https://example.com/image83.jpg,1,Categoria1,74,218.04,2023-11-02 06:51:32Z
2023-11-06 22:15:07Z,b3b08fca-c21b-c8ad-f4d6-c6a56be26a24,user1,user1@example.com,"Street 1, 622",DEF,SC,Canada,72173,ORD43,2023-11-10T04:43:57-05:00,Pending,b3b08fca-c21b-c8ad-f4d6-c6a56be26a24,"Street 1, 622",DEF,SC,Canada,72173,Great,4,pix,2,71,Product71,green,Sony,Description71,https://example.com/image71.jpg,1,Categoria1,11,395.55,2023-11-06 22:15:07Z
2023-11-26 03:58:50Z,9641756c-3f37-67de-d4b4-a56c647ccb22,user9,user9@example.com,"Street 9, 953",JKL,TX,United States,72797,ORD44,2023-11-12T13:53:16-05:00,Pending,346c56fe-6f13-a35f-b686-fd70fe39980a,"Street 6, 224",GHI,CA,United States,30547,Great,5,pix,3,55,Product55,black,Sony,Description55,https://example.com/image55.jpg,1,Categoria1,54,454.47,2023-11-26 03:58:50Z
2023-11-12 17:55:13Z,3e9cf4eb-21c3-7b92-f7eb-3dccfb6a553d,user3,user3@example.com,"Street 3, 55",GHI,NY,Canada,27498,ORD45,2023-11-22T22:49:47-05:00,Pending,0eb8c406-21cd-1d92-70e0-b1279008a12f,"Street 11, 853",ABC,TX,United States,32400,Great,3,debit,2,76,Product76,black,Google,Description76,https://example.com/image76.jpg,1,Categoria1,67,364.1,2023-11-12 17:55:13Z
2023-11-15 06:05:36Z,346c56fe-6f13-a35f-b686-fd70fe39980a,user6,user6@example.com,"Street 6, 224",GHI,CA,United States,30547,ORD46,2023-11-03T21:23:30-05:00,Pending,99ec5f74-064a-36e4-9367-08217bc880b2,"Street 5, 330",JKL,NY,Brasil,59925,Bad,3,credit,5,13,Product13,blue,Sony,Description13,https://example.com/image13.jpg,1,Categoria1,14,362.33,2023-11-15 06:05:36Z
2023-11-21 00:12:35Z,0eb8c406-21cd-1d92-70e0-b1279008a12f,user11,user11@example.com,"Street 11, 853",ABC,TX,United States,32400,ORD47,2023-11-16T15:29:09-05:00,Cancelled,2937c3dd-a3ed-42a0-4607-77f4974fbfa7,"Street 2, 59",DEF,CA,Canada,52673,Great,5,cash,4,116,Product116,blue,Samsung,Description116,https://example.com/image116.jpg,1,Categoria1,59,400.03,2023-11-21 00:12:35Z
2023-11-02 00:39:39Z,99ec5f74-064a-36e4-9367-08217bc880b2,user5,user5@example.com,"Street 5, 330",JKL,NY,Brasil,59925,ORD48,2023-11-04T08:16:53-05:00,Completed,2937c3dd-a3ed-42a0-4607-77f4974fbfa7,"Street 2, 59",DEF,CA,Canada,52673,Bad,1,cash,2,2,Product2,red,Microsoft,Description2,https://example.com/image2.jpg,1,Categoria1,13,380.0,2023-11-02 00:39:39Z
2023-11-13 11:36:34Z,99ec5f74-064a-36e4-9367-08217bc880b2,user5,user5@example.com,"Street 5, 330",JKL,NY,Brasil,59925,ORD49,2023-11-13T12:59:26-05:00,Completed,854a5ffd-649b-aef7-3a81-7a0eb5ac671e,"Street 10, 937",ABC,NY,Canada,65890,Bad,4,pix,4,116,Product116,blue,Samsung,Description116,https://example.com/image116.jpg,1,Categoria1,59,400.03,2023-11-13 11:36:34Z
2023-11-04 21:19:53Z,e64773a8-b11e-d252-aed3-ae60b9d77a81,user4,user4@example.com,"Street 4, 683",JKL,CA,Brasil,14193,ORD50,2023-11-23T14:53:32-05:00,Cancelled,0eb8c406-21cd-1d92-70e0-b1279008a12f,"Street 11, 853",ABC,TX,United States,32400,Bad,5,credit,4,81,Product81,black,Google,Description81,https://example.com/image81.jpg,1,Categoria1,73,316.37,2023-11-04 21:19:53Z
2023-11-21 20:56:48Z,3e9cf4eb-21c3-7b92-f7eb-3dccfb6a553d,user3,user3@example.com,"Street 3, 55",GHI,NY,Canada,27498,ORD51,2023-11-10T19:28:18-05:00,Cancelled,e64773a8-b11e-d252-aed3-ae60b9d77a81,"Street 4, 683",JKL,CA,Brasil,14193,Okay,2,cash,2,93,Product93,black,Google,Description93,https://example.com/image93.jpg,1,Categoria1,95,140.05,2023-11-21 20:56:48Z
2023-11-16 02:36:27Z,2937c3dd-a3ed-42a0-4607-77f4974fbfa7,user2,user2@example.com,"Street 2, 59",DEF,CA,Canada,52673,ORD52,2023-11-02T14:56:53-05:00,Cancelled,b3b08fca-c21b-c8ad-f4d6-c6a56be26a24,"Street 1, 622",DEF,SC,Canada,72173,Terrible,4,debit,2,30,Product30,blue,Samsung,Description30,https://example.com/image30.jpg,1,Categoria1,67,446.98,2023-11-16 02:36:27Z
2023-11-26 03:20:30Z,3e9cf4eb-21c3-7b92-f7eb-3dccfb6a553d,user3,user3@example.com,"Street 3, 55",GHI,NY,Canada,27498,ORD53,2023-11-26T15:44:32-05:00,Cancelled,99ec5f74-064a-36e4-9367-08217bc880b2,"Street 5, 330",JKL,NY,Brasil,59925,Great,1,pix,2,16,Product16,black,Google,Description16,https://example.com/image16.jpg,1,Categoria1,7,300.28,2023-11-26 03:20:30Z
2023-11-12 22:03:44Z,346c56fe-6f13-a35f-b686-fd70fe39980a,user6,user6@example.com,"Street 6, 224",GHI,CA,United States,30547,ORD54,2023-11-04T10:53:01-05:00,Completed,346c56fe-6f13-a35f-b686-fd70fe39980a,"Street 6, 224",GHI,CA,United States,30547,Great,4,cash,4,113,Product113,black,Google,Description113,https://example.com/image113.jpg,1,Categoria1,37,158.64,2023-11-12 22:03:44Z
2023-11-27 10:42:06Z,854a5ffd-649b-aef7-3a81-7a0eb5ac671e,user10,user10@example.com,"Street 10, 937",ABC,NY,Canada,65890,ORD55,2023-11-13T00:18:38-05:00,Cancelled,f200c2e4-9923-386d-f9a8-e30e0f1c0022,"Street 8, 566",ABC,CA,Brasil,55549,Okay,4,credit,2,91,Product91,blue,Sony,Description91,https://example.com/image91.jpg,1,Categoria1,44,200.54,2023-11-27 10:42:06Z
2023-11-13 13:33:41Z,854a5ffd-649b-aef7-3a81-7a0eb5ac671e,user10,user10@example.com,"Street 10, 937",ABC,NY,Canada,65890,ORD56,2023-11-25T14:05:22-05:00,Pending,854a5ffd-649b-aef7-3a81-7a0eb5ac671e,"Street 10, 937",ABC,NY,Canada,65890,Bom,1,pix,3,21,Product21,black,Google,Description21,https://example.com/image21.jpg,1,Categoria1,10,286.71,2023-11-13 13:33:41Z
2023-11-22 07:32:43Z,e64773a8-b11e-d252-aed3-ae60b9d77a81,user4,user4@example.com,"Street 4, 683",JKL,CA,Brasil,14193,ORD57,2023-11-01T21:30:43-05:00,Completed,2937c3dd-a3ed-42a0-4607-77f4974fbfa7,"Street 2, 59",DEF,CA,Canada,52673,Bom,5,pix,3,5,Product5,red,Microsoft,Description5,https://example.com/image5.jpg,1,Categoria1,4,198.36,2023-11-22 07:32:43Z
2023-11-04 08:30:03Z,f200c2e4-9923-386d-f9a8-e30e0f1c0022,user8,user8@example.com,"Street 8, 566",ABC,CA,Brasil,55549,ORD58,2023-11-06T02:45:41-05:00,Pending,3e9cf4eb-21c3-7b92-f7eb-3dccfb6a553d,"Street 3, 55",GHI,NY,Canada,27498,Bad,2,cash,2,50,Product50,white,Microsoft,Description50,https://example.com/image50.jpg,1,Categoria1,60,392.93,2023-11-04 08:30:03Z
2023-11-05 02:02:59Z,3e9cf4eb-21c3-7b92-f7eb-3dccfb6a553d,user3,user3@example.com,"Street 3, 55",GHI,NY,Canada,27498,ORD59,2023-11-01T15:09:14-05:00,Pending,d5ef2718-16f7-b5cd-44b3-7f717e6c78fd,"Street 12, 653",ABC,SC,United States,13469,Great,3,debit,3,57,Product57,white,Apple,Description57,https://example.com/image57.jpg,1,Categoria1,0,236.17,2023-11-05 02:02:59Z
2023-11-06 11:45:19Z,f200c2e4-9923-386d-f9a8-e30e0f1c0022,user8,user8@example.com,"Street 8, 566",ABC,CA,Brasil,55549,ORD60,2023-11-07T18:41:23-05:00,Pending,f200c2e4-9923-386d-f9a8-e30e0f1c0022,"Street 8, 566",ABC,CA,Brasil,55549,Bad,3,cash,2,11,Product11,blue,Apple,Description11,https://example.com/image11.jpg,1,Categoria1,63,442.78,2023-11-06 11:45:19Z
2023-11-15 19:57:59Z,e64773a8-b11e-d252-aed3-ae60b9d77a81,user4,user4@example.com,"Street 4, 683",JKL,CA,Brasil,14193,ORD61,2023-11-15T19:52:48-05:00,Completed,3e9cf4eb-21c3-7b92-f7eb-3dccfb6a553d,"Street 3, 55",GHI,NY,Canada,27498,Okay,5,debit,3,85,Product85,blue,Sony,Description85,https://example.com/image85.jpg,1,Categoria1,62,459.74,2023-11-15 19:57:59Z
2023-11-18 23:09:17Z,0eb8c406-21cd-1d92-70e0-b1279008a12f,user11,user11@example.com,"Street 11, 853",ABC,TX,United States,32400,ORD62,2023-11-04T03:46:39-05:00,Completed,b3b08fca-c21b-c8ad-f4d6-c6a56be26a24,"Street 1, 622",DEF,SC,Canada,72173,Terrible,2,debit,1,105,Product105,green,Microsoft,Description105,https://example.com/image105.jpg,1,Categoria1,0,110.39,2023-11-18 23:09:17Z
2023-11-02 05:15:34Z,c257e962-53a6-4d22-9a55-30569f5133b8,user7,user7@example.com,"Street 7, 272",JKL,TX,Canada,23454,ORD63,2023-11-02T20:19:49-05:00,Cancelled,d5ef2718-16f7-b5cd-44b3-7f717e6c78fd,"Street 12, 653",ABC,SC,United States,13469,Great,2,pix,5,14,Product14,white,Apple,Description14,https://example.com/image14.jpg,1,Categoria1,24,195.61,2023-11-02 05:15:34Z
2023-11-04 22:17:30Z,f200c2e4-9923-386d-f9a8-e30e0f1c0022,user8,user8@example.com,"Street 8, 566",ABC,CA,Brasil,55549,ORD64,2023-11-29T20:38:58-05:00,Pending,346c56fe-6f13-a35f-b686-fd70fe39980a,"Street 6, 224",GHI,CA,United States,30547,Terrible,2,pix,4,121,Product121,black,Google,Description121,https://example.com/image121.jpg,1,Categoria1,8,155.45,2023-11-04 22:17:30Z
2023-11-11 06:16:24Z,3e9cf4eb-21c3-7b92-f7eb-3dccfb6a553d,user3,user3@example.com,"Street 3, 55",GHI,NY,Canada,27498,ORD65,2023-11-25T01:26:42-05:00,Completed,d5ef2718-16f7-b5cd-44b3-7f717e6c78fd,"Street 12, 653",ABC,SC,United States,13469,Okay,5,credit,4,91,Product91,blue,Sony,Description91,https://example.com/image91.jpg,1,Categoria1,44,200.54,2023-11-11 06:16:24Z
2023-11-06 22:48:27Z,d5ef2718-16f7-b5cd-44b3-7f717e6c78fd,user12,user12@example.com,"Street 12, 653",ABC,SC,United States,13469,ORD66,2023-11-02T06:33:20-05:00,Completed,c257e962-53a6-4d22-9a55-30569f5133b8,"Street 7, 272",JKL,TX,Canada,23454,Okay,3,debit,4,99,Product99,black,Google,Description99,https://example.com/image99.jpg,1,Categoria1,90,450.56,2023-11-06 22:48:27Z
2023-11-06 10:34:39Z,0eb8c406-21cd-1d92-70e0-b1279008a12f,user11,user11@example.com,"Street 11, 853",ABC,TX,United States,32400,ORD67,2023-11-09T02:02:23-05:00,Cancelled,99ec5f74-064a-36e4-9367-08217bc880b2,"Street 5, 330",JKL,NY,Brasil,59925,Terrible,5,pix,2,47,Product47,red,Apple,Description47,https://example.com/image47.jpg,1,Categoria1,59,207.09,2023-11-06 10:34:39Z
2023-11-25 21:18:02Z,e64773a8-b11e-d252-aed3-ae60b9d77a81,user4,user4@example.com,"Street 4, 683",JKL,CA,Brasil,14193,ORD68,2023-11-17T08:42:26-05:00,Cancelled,c257e962-53a6-4d22-9a55-30569f5133b8,"Street 7, 272",JKL,TX,Canada,23454,Bom,2,credit,3,93,Product93,black,Google,Description93,https://example.com/image93.jpg,1,Categoria1,95,140.05,2023-11-25 21:18:02Z
2023-11-12 11:26:36Z,3e9cf4eb-21c3-7b92-f7eb-3dccfb6a553d,user3,user3@example.com,"Street 3, 55",GHI,NY,Canada,27498,ORD69,2023-11-15T04:54:48-05:00,Pending,b3b08fca-c21b-c8ad-f4d6-c6a56be26a24,"Street 1, 622",DEF,SC,Canada,72173,Bad,3,debit,3,19,Product19,green,Samsung,Description19,https://example.com/image19.jpg,1,Categoria1,57,116.33,2023-11-12 11:26:36Z
2023-11-07 03:39:48Z,d5ef2718-16f7-b5cd-44b3-7f717e6c78fd,user12,user12@example.com,"Street 12, 653",ABC,SC,United States,13469,ORD70,2023-11-20T16:36:28-05:00,Cancelled,99ec5f74-064a-36e4-9367-08217bc880b2,"Street 5, 330",JKL,NY,Brasil,59925,Great,4,credit,4,4,Product4,red,Apple,Description4,https://example.com/image4.jpg,1,Categoria1,17,118.4,2023-11-07 03:39:48Z
2023-11-22 10:38:02Z,0eb8c406-21cd-1d92-70e0-b1279008a12f,user11,user11@example.com,"Street 11, 853",ABC,TX,United States,32400,ORD71,2023-11-16T07:01:26-05:00,Cancelled,854a5ffd-649b-aef7-3a81-7a0eb5ac671e,"Street 10, 937",ABC,NY,Canada,65890,Okay,4,debit,3,45,Product45,blue,Microsoft,Description45,https://example.com/image45.jpg,1,Categoria1,78,41.85,2023-11-22 10:38:02Z
2023-11-05 06:46:20Z,b3b08fca-c21b-c8ad-f4d6-c6a56be26a24,user1,user1@example.com,"Street 1, 622",DEF,SC,Canada,72173,ORD72,2023-11-22T08:50:44-05:00,Cancelled,c257e962-53a6-4d22-9a55-30569f5133b8,"Street 7, 272",JKL,TX,Canada,23454,Okay,2,pix,5,16,Product16,black,Google,Description16,https://example.com/image16.jpg,1,Categoria1,7,300.28,2023-11-05 06:46:20Z
2023-11-10 03:26:37Z,c257e962-53a6-4d22-9a55-30569f5133b8,user7,user7@example.com,"Street 7, 272",JKL,TX,Canada,23454,ORD73,2023-11-03T03:20:02-05:00,Cancelled,e64773a8-b11e-d252-aed3-ae60b9d77a81,"Street 4, 683",JKL,CA,Brasil,14193,Terrible,1,credit,2,76,Product76,black,Google,Description76,https://example.com/image76.jpg,1,Categoria1,67,364.1,2023-11-10 03:26:37Z
2023-11-18 23:51:38Z,e64773a8-b11e-d252-aed3-ae60b9d77a81,user4,user4@example.com,"Street 4, 683",JKL,CA,Brasil,14193,ORD74,2023-11-06T14:59:42-05:00,Cancelled,f200c2e4-9923-386d-f9a8-e30e0f1c0022,"Street 8, 566",ABC,CA,Brasil,55549,Terrible,1,cash,3,60,Product60,red,Google,Description60,https://example.com/image60.jpg,1,Categoria1,45,137.42,2023-11-18 23:51:38Z
2023-11-27 06:45:24Z,b3b08fca-c21b-c8ad-f4d6-c6a56be26a24,user1,user1@example.com,"Street 1, 622",DEF,SC,Canada,72173,ORD75,2023-11-27T18:55:18-05:00,Cancelled,c257e962-53a6-4d22-9a55-30569f5133b8,"Street 7, 272",JKL,TX,Canada,23454,Great,5,credit,3,1,Product1,black,Google,Description1,https://example.com/image1.jpg,1,Categoria1,57,486.23,2023-11-27 06:45:24Z
2023-11-16 20:51:20Z,d5ef2718-16f7-b5cd-44b3-7f717e6c78fd,user12,user12@example.com,"Street 12, 653",ABC,SC,United States,13469,ORD76,2023-11-13T04:38:47-05:00,Pending,0eb8c406-21cd-1d92-70e0-b1279008a12f,"Street 11, 853",ABC,TX,United States,32400,Okay,3,debit,3,43,Product43,white,Microsoft,Description43,https://example.com/image43.jpg,1,Categoria1,35,60.19,2023-11-16 20:51:20Z
2023-11-04 13:31:06Z,2937c3dd-a3ed-42a0-4607-77f4974fbfa7,user2,user2@example.com,"Street 2, 59",DEF,CA,Canada,52673,ORD77,2023-11-22T13:06:37-05:00,Completed,346c56fe-6f13-a35f-b686-fd70fe39980a,"Street 6, 224",GHI,CA,United States,30547,Bad,5,debit,3,105,Product105,green,Microsoft,Description105,https://example.com/image105.jpg,1,Categoria1,0,110.39,2023-11-04 13:31:06Z
2023-11-24 13:45:01Z,854a5ffd-649b-aef7-3a81-7a0eb5ac671e,user10,user10@example.com,"Street 10, 937",ABC,NY,Canada,65890,ORD78,2023-11-24T14:45:09-05:00,Pending,b3b08fca-c21b-c8ad-f4d6-c6a56be26a24,"Street 1, 622",DEF,SC,Canada,72173,Bad,3,credit,2,30,Product30,blue,Samsung,Description30,https://example.com/image30.jpg,1,Categoria1,67,446.98,2023-11-24 13:45:01Z
2023-11-12 21:09:50Z,9641756c-3f37-67de-d4b4-a56c647ccb22,user9,user9@example.com,"Street 9, 953",JKL,TX,United States,72797,ORD79,2023-11-19T19:15:15-05:00,Completed,0eb8c406-21cd-1d92-70e0-b1279008a12f,"Street 11, 853",ABC,TX,United States,32400,Bom,3,credit,4,8,Product8,blue,Google,Description8,https://example.com/image8.jpg,1,Categoria1,93,103.99,2023-11-12 21:09:50Z
2023-11-25 01:06:27Z,c257e962-53a6-4d22-9a55-30569f5133b8,user7,user7@example.com,"Street 7, 272",JKL,TX,Canada,23454,ORD80,2023-11-12T21:55:01-05:00,Completed,854a5ffd-649b-aef7-3a81-7a0eb5ac671e,"Street 10, 937",ABC,NY,Canada,65890,Great,5,pix,3,2,Product2,red,Microsoft,Description2,https://example.com/image2.jpg,1,Categoria1,13,380.0,2023-11-25 01:06:27Z
2023-11-23 21:15:30Z,346c56fe-6f13-a35f-b686-fd70fe39980a,user6,user6@example.com,"Street 6, 224",GHI,CA,United States,30547,ORD81,2023-11-22T13:45:44-05:00,Pending,e64773a8-b11e-d252-aed3-ae60b9d77a81,"Street 4, 683",JKL,CA,Brasil,14193,Bad,4,cash,4,7,Product7,black,Samsung,Description7,https://example.com/image7.jpg,1,Categoria1,63,415.24,2023-11-23 21:15:30Z
2023-11-06 12:52:20Z,d5ef2718-16f7-b5cd-44b3-7f717e6c78fd,user12,user12@example.com,"Street 12, 653",ABC,SC,United States,13469,ORD82,2023-11-06T06:40:39-05:00,Pending,346c56fe-6f13-a35f-b686-fd70fe39980a,"Street 6, 224",GHI,CA,United States,30547,Bom,5,pix,2,104,Product104,red,Google,Description104,https://example.com/image104.jpg,1,Categoria1,62,462.31,2023-11-06 12:52:20Z
2023-11-04 04:10:16Z,99ec5f74-064a-36e4-9367-08217bc880b2,user5,user5@example.com,"Street 5, 330",JKL,NY,Brasil,59925,ORD83,2023-11-24T19:46:01-05:00,Cancelled,c257e962-53a6-4d22-9a55-30569f5133b8,"Street 7, 272",JKL,TX,Canada,23454,Terrible,2,credit,5,39,Product39,white,Sony,Description39,https://example.com/image39.jpg,1,Categoria1,59,344.34,2023-11-04 04:10:16Z
2023-11-17 23:08:52Z,d5ef2718-16f7-b5cd-44b3-7f717e6c78fd,user12,user12@example.com,"Street 12, 653",ABC,SC,United States,13469,ORD84,2023-11-29T22:01:43-05:00,Pending,b3b08fca-c21b-c8ad-f4d6-c6a56be26a24,"Street 1, 622",DEF,SC,Canada,72173,Bom,2,cash,5,95,Product95,blue,Sony,Description95,https://example.com/image95.jpg,1,Categoria1,90,24.87,2023-11-17 23:08:52Z
2023-11-26 07:00:38Z,b3b08fca-c21b-c8ad-f4d6-c6a56be26a24,user1,user1@example.com,"Street 1, 622",DEF,SC,Canada,72173,ORD85,2023-11-09T08:19:58-05:00,Cancelled,e64773a8-b11e-d252-aed3-ae60b9d77a81,"Street 4, 683",JKL,CA,Brasil,14193,Bad,2,pix,2,46,Product46,white,Google,Description46,https://example.com/image46.jpg,1,Categoria1,23,68.95,2023-11-26 07:00:38Z
2023-11-06 06:31:02Z,2937c3dd-a3ed-42a0-4607-77f4974fbfa7,user2,user2@example.com,"Street 2, 59",DEF,CA,Canada,52673,ORD86,2023-11-10T04:47:02-05:00,Pending,e64773a8-b11e-d252-aed3-ae60b9d77a81,"Street 4, 683",JKL,CA,Brasil,14193,Terrible,4,debit,2,37,Product37,black,Samsung,Description37,https://example.com/image37.jpg,1,Categoria1,23,16.05,2023-11-06 06:31:02Z
2023-11-12 23:34:14Z,c257e962-53a6-4d22-9a55-30569f5133b8,user7,user7@example.com,"Street 7, 272",JKL,TX,Canada,23454,ORD87,2023-11-19T22:06:27-05:00,Cancelled,346c56fe-6f13-a35f-b686-fd70fe39980a,"Street 6, 224",GHI,CA,United States,30547,Okay,4,debit,4,81,Product81,black,Google,Description81,https://example.com/image81.jpg,1,Categoria1,73,316.37,2023-11-12 23:34:14Z
2023-11-12 13:20:32Z,e64773a8-b11e-d252-aed3-ae60b9d77a81,user4,user4@example.com,"Street 4, 683",JKL,CA,Brasil,14193,ORD88,2023-11-28T02:18:43-05:00,Completed,2937c3dd-a3ed-42a0-4607-77f4974fbfa7,"Street 2, 59",DEF,CA,Canada,52673,Great,2,credit,3,12,Product12,red,Google,Description12,https://example.com/image12.jpg,1,Categoria1,59,166.45,2023-11-12 13:20:32Z
2023-11-28 02:42:32Z,f200c2e4-9923-386d-f9a8-e30e0f1c0022,user8,user8@example.com,"Street 8, 566",ABC,CA,Brasil,55549,ORD89,2023-11-16T09:29:57-05:00,Cancelled,99ec5f74-064a-36e4-9367-08217bc880b2,"Street 5, 330",JKL,NY,Brasil,59925,Terrible,2,cash,4,12,Product12,red,Google,Description12,https://example.com/image12.jpg,1,Categoria1,59,166.45,2023-11-28 02:42:32Z
2023-11-09 00:53:53Z,9641756c-3f37-67de-d4b4-a56c647ccb22,user9,user9@example.com,"Street 9, 953",JKL,TX,United States,72797,ORD90,2023-11-04T00:27:07-05:00,Completed,854a5ffd-649b-aef7-3a81-7a0eb5ac671e,"Street 10, 937",ABC,NY,Canada,65890,Bad,3,cash,5,81,Product81,black,Google,Description81,https://example.com/image81.jpg,1,Categoria1,73,316.37,2023-11-09 00:53:53Z
2023-11-22 20:26:18Z,c257e962-53a6-4d22-9a55-30569f5133b8,user7,user7@example.com,"Street 7, 272",JKL,TX,Canada,23454,ORD91,2023-11-30T01:54:16-05:00,Cancelled,346c56fe-6f13-a35f-b686-fd70fe39980a,"Street 6, 224",GHI,CA,United States,30547,Bom,3,debit,5,36,Product36,red,Samsung,Description36,https://example.com/image36.jpg,1,Categoria1,62,288.25,2023-11-22 20:26:18Z
2023-11-27 04:12:18Z,854a5ffd-649b-aef7-3a81-7a0eb5ac671e,user10,user10@example.com,"Street 10, 937",ABC,NY,Canada,65890,ORD92,2023-11-19T22:02:14-05:00,Cancelled,0eb8c406-21cd-1d92-70e0-b1279008a12f,"Street 11, 853",ABC,TX,United States,32400,Great,1,pix,5,82,Product82,green,Google,Description82,https://example.com/image82.jpg,1,Categoria1,56,260.98,2023-11-27 04:12:18Z
2023-11-22 03:37:37Z,99ec5f74-064a-36e4-9367-08217bc880b2,user5,user5@example.com,"Street 5, 330",JKL,NY,Brasil,59925,ORD93,2023-11-13T18:29:16-05:00,Pending,99ec5f74-064a-36e4-9367-08217bc880b2,"Street 5, 330",JKL,NY,Brasil,59925,Okay,4,credit,3,111,Product111,black,Google,Description111,https://example.com/image111.jpg,1,Categoria1,31,262.95,2023-11-22 03:37:37Z
2023-11-13 04:23:07Z,346c56fe-6f13-a35f-b686-fd70fe39980a,user6,user6@example.com,"Street 6, 224",GHI,CA,United States,30547,ORD94,2023-11-25T12:45:22-05:00,Completed,e64773a8-b11e-d252-aed3-ae60b9d77a81,"Street 4, 683",JKL,CA,Brasil,14193,Okay,5,credit,5,61,Product61,blue,Apple,Description61,https://example.com/image61.jpg,1,Categoria1,82,184.1,2023-11-13 04:23:07Z
2023-11-02 01:24:20Z,b3b08fca-c21b-c8ad-f4d6-c6a56be26a24,user1,user1@example.com,"Street 1, 622",DEF,SC,Canada,72173,ORD95,2023-11-03T16:00:24-05:00,Completed,854a5ffd-649b-aef7-3a81-7a0eb5ac671e,"Street 10, 937",ABC,NY,Canada,65890,Okay,1,pix,2,15,Product15,white,Samsung,Description15,https://example.com/image15.jpg,1,Categoria1,48,168.18,2023-11-02 01:24:20Z
2023-11-15 03:01:20Z,99ec5f74-064a-36e4-9367-08217bc880b2,user5,user5@example.com,"Street 5, 330",JKL,NY,Brasil,59925,ORD96,2023-11-05T07:15:18-05:00,Cancelled,c257e962-53a6-4d22-9a55-30569f5133b8,"Street 7, 272",JKL,TX,Canada,23454,Okay,3,pix,3,18,Product18,green,Microsoft,Description18,https://example.com/image18.jpg,1,Categoria1,52,93.19,2023-11-15 03:01:20Z
2023-11-17 16:16:04Z,d5ef2718-16f7-b5cd-44b3-7f717e6c78fd,user12,user12@example.com,"Street 12, 653",ABC,SC,United States,13469,ORD97,2023-11-10T09:44:24-05:00,Completed,b3b08fca-c21b-c8ad-f4d6-c6a56be26a24,"Street 1, 622",DEF,SC,Canada,72173,Bom,5,credit,4,27,Product27,white,Samsung,Description27,https://example.com/image27.jpg,1,Categoria1,49,285.41,2023-11-17 16:16:04Z
2023-11-19 13:45:28Z,d5ef2718-16f7-b5cd-44b3-7f717e6c78fd,user12,user12@example.com,"Street 12, 653",ABC,SC,United States,13469,ORD98,2023-11-21T04:20:29-05:00,Cancelled,d5ef2718-16f7-b5cd-44b3-7f717e6c78fd,"Street 12, 653",ABC,SC,United States,13469,Great,3,debit,4,11,Product11,blue,Apple,Description11,https://example.com/image11.jpg,1,Categoria1,63,442.78,2023-11-19 13:45:28Z
2023-11-25 10:39:43Z,99ec5f74-064a-36e4-9367-08217bc880b2,user5,user5@example.com,"Street 5, 330",JKL,NY,Brasil,59925,ORD99,2023-11-23T17:24:23-05:00,Cancelled,346c56fe-6f13-a35f-b686-fd70fe39980a,"Street 6, 224",GHI,CA,United States,30547,Bom,2,credit,5,89,Product89,blue,Apple,Description89,https://example.com/image89.jpg,1,Categoria1,74,85.23,2023-11-25 10:39:43Z
2023-11-24 13:24:48Z,346c56fe-6f13-a35f-b686-fd70fe39980a,user6,user6@example.com,"Street 6, 224",GHI,CA,United States,30547,ORD100,2023-11-06T11:54:21-05:00,Completed,0eb8c406-21cd-1d92-70e0-b1279008a12f,"Street 11, 853",ABC,TX,United States,32400,Bom,2,debit,2,8,Product8,blue,Google,Description8,https://example.com/image8.jpg,1,Categoria1,93,103.99,2023-11-24 13:24:48Z
2023-11-28 19:27:05Z,346c56fe-6f13-a35f-b686-fd70fe39980a,user6,user6@example.com,"Street 6, 224",GHI,CA,United States,30547,ORD101,2023-11-13T08:28:50-05:00,Cancelled,d5ef2718-16f7-b5cd-44b3-7f717e6c78fd,"Street 12, 653",ABC,SC,United States,13469,Bad,3,debit,4,30,Product30,blue,Samsung,Description30,https://example.com/image30.jpg,1,Categoria1,67,446.98,2023-11-28 19:27:05Z
2023-11-24 06:59:02Z,b3b08fca-c21b-c8ad-f4d6-c6a56be26a24,user1,user1@example.com,"Street 1, 622",DEF,SC,Canada,72173,ORD102,2023-11-02T11:37:43-05:00,Pending,d5ef2718-16f7-b5cd-44b3-7f717e6c78fd,"Street 12, 653",ABC,SC,United States,13469,Terrible,4,cash,1,60,Product60,red,Google,Description60,https://example.com/image60.jpg,1,Categoria1,45,137.42,2023-11-24 06:59:02Z
2023-11-02 10:19:53Z,854a5ffd-649b-aef7-3a81-7a0eb5ac671e,user10,user10@example.com,"Street 10, 937",ABC,NY,Canada,65890,ORD103,2023-11-14T06:53:57-05:00,Cancelled,e64773a8-b11e-d252-aed3-ae60b9d77a81,"Street 4, 683",JKL,CA,Brasil,14193,Bad,3,pix,4,84,Product84,black,Apple,Description84,https://example.com/image84.jpg,1,Categoria1,0,459.92,2023-11-02 10:19:53Z
2023-11-28 05:11:21Z,0eb8c406-21cd-1d92-70e0-b1279008a12f,user11,user11@example.com,"Street 11, 853",ABC,TX,United States,32400,ORD104,2023-11-10T11:58:17-05:00,Pending,854a5ffd-649b-aef7-3a81-7a0eb5ac671e,"Street 10, 937",ABC,NY,Canada,65890,Bom,2,debit,1,107,Product107,red,Google,Description107,https://example.com/image107.jpg,1,Categoria1,7,273.72,2023-11-28 05:11:21Z
2023-11-18 14:28:40Z,2937c3dd-a3ed-42a0-4607-77f4974fbfa7,user2,user2@example.com,"Street 2, 59",DEF,CA,Canada,52673,ORD105,2023-11-02T19:01:00-05:00,Cancelled,99ec5f74-064a-36e4-9367-08217bc880b2,"Street 5, 330",JKL,NY,Brasil,59925,Okay,2,pix,3,6,Product6,blue,Microsoft,Description6,https://example.com/image6.jpg,1,Categoria1,60,305.73,2023-11-18 14:28:40Z
2023-11-30 17:55:34Z,346c56fe-6f13-a35f-b686-fd70fe39980a,user6,user6@example.com,"Street 6, 224",GHI,CA,United States,30547,ORD106,2023-11-09T00:05:34-05:00,Completed,d5ef2718-16f7-b5cd-44b3-7f717e6c78fd,"Street 12, 653",ABC,SC,United States,13469,Bad,1,pix,1,80,Product80,black,Sony,Description80,https://example.com/image80.jpg,1,Categoria1,15,228.23,2023-11-30 17:55:34Z
2023-11-13 15:24:35Z,0eb8c406-21cd-1d92-70e0-b1279008a12f,user11,user11@example.com,"Street 11, 853",ABC,TX,United States,32400,ORD107,2023-11-03T16:36:20-05:00,Pending,3e9cf4eb-21c3-7b92-f7eb-3dccfb6a553d,"Street 3, 55",GHI,NY,Canada,27498,Okay,3,credit,5,60,Product60,red,Google,Description60,https://example.com/image60.jpg,1,Categoria1,45,137.42,2023-11-13 15:24:35Z
2023-11-13 03:25:20Z,b3b08fca-c21b-c8ad-f4d6-c6a56be26a24,user1,user1@example.com,"Street 1, 622",DEF,SC,Canada,72173,ORD108,2023-11-08T02:17:28-05:00,Cancelled,e64773a8-b11e-d252-aed3-ae60b9d77a81,"Street 4, 683",JKL,CA,Brasil,14193,Okay,2,credit,3,111,Product111,black,Google,Description111,https://example.com/image111.jpg,1,Categoria1,31,262.95,2023-11-13 03:25:20Z
2023-11-22 09:12:02Z,2937c3dd-a3ed-42a0-4607-77f4974fbfa7,user2,user2@example.com,"Street 2, 59",DEF,CA,Canada,52673,ORD109,2023-11-18T06:17:57-05:00,Completed,99ec5f74-064a-36e4-9367-08217bc880b2,"Street 5, 330",JKL,NY,Brasil,59925,Great,3,debit,4,76,Product76,black,Google,Description76,https://example.com/image76.jpg,1,Categoria1,67,364.1,2023-11-22 09:12:02Z
2023-11-26 17:53:18Z,99ec5f74-064a-36e4-9367-08217bc880b2,user5,user5@example.com,"Street 5, 330",JKL,NY,Brasil,59925,ORD110,2023-11-07T01:58:52-05:00,Cancelled,b3b08fca-c21b-c8ad-f4d6-c6a56be26a24,"Street 1, 622",DEF,SC,Canada,72173,Great,5,pix,5,124,Product124,green,Sony,Description124,https://example.com/image124.jpg,1,Categoria1,25,156.04,2023-11-26 17:53:18Z
2023-11-03 05:28:07Z,3e9cf4eb-21c3-7b92-f7eb-3dccfb6a553d,user3,user3@example.com,"Street 3, 55",GHI,NY,Canada,27498,ORD111,2023-11-08T01:15:09-05:00,Pending,854a5ffd-649b-aef7-3a81-7a0eb5ac671e,"Street 10, 937",ABC,NY,Canada,65890,Okay,5,cash,2,27,Product27,white,Samsung,Description27,https://example.com/image27.jpg,1,Categoria1,49,285.41,2023-11-03 05:28:07Z
2023-11-15 19:00:07Z,f200c2e4-9923-386d-f9a8-e30e0f1c0022,user8,user8@example.com,"Street 8, 566",ABC,CA,Brasil,55549,ORD112,2023-11-12T22:13:14-05:00,Cancelled,f200c2e4-9923-386d-f9a8-e30e0f1c0022,"Street 8, 566",ABC,CA,Brasil,55549,Terrible,5,credit,4,61,Product61,blue,Apple,Description61,https://example.com/image61.jpg,1,Categoria1,82,184.1,2023-11-15 19:00:07Z
2023-11-01 23:04:33Z,3e9cf4eb-21c3-7b92-f7eb-3dccfb6a553d,user3,user3@example.com,"Street 3, 55",GHI,NY,Canada,27498,ORD113,2023-11-17T20:55:21-05:00,Completed,3e9cf4eb-21c3-7b92-f7eb-3dccfb6a553d,"Street 3, 55",GHI,NY,Canada,27498,Great,3,pix,2,86,Product86,red,Sony,Description86,https://example.com/image86.jpg,1,Categoria1,22,473.77,2023-11-01 23:04:33Z
2023-11-04 15:33:12Z,0eb8c406-21cd-1d92-70e0-b1279008a12f,user11,user11@example.com,"Street 11, 853",ABC,TX,United States,32400,ORD114,2023-11-27T17:48:56-05:00,Pending,854a5ffd-649b-aef7-3a81-7a0eb5ac671e,"Street 10, 937",ABC,NY,Canada,65890,Bom,1,credit,2,47,Product47,red,Apple,Description47,https://example.com/image47.jpg,1,Categoria1,59,207.09,2023-11-04 15:33:12Z
2023-11-29 15:06:00Z,0eb8c406-21cd-1d92-70e0-b1279008a12f,user11,user11@example.com,"Street 11, 853",ABC,TX,United States,32400,ORD115,2023-11-20T12:31:22-05:00,Pending,854a5ffd-649b-aef7-3a81-7a0eb5ac671e,"Street 10, 937",ABC,NY,Canada,65890,Terrible,5,pix,5,112,Product112,black,Samsung,Description112,https://example.com/image112.jpg,1,Categoria1,54,460.69,2023-11-29 15:06:00Z
2023-11-22 04:34:50Z,d5ef2718-16f7-b5cd-44b3-7f717e6c78fd,user12,user12@example.com,"Street 12, 653",ABC,SC,United States,13469,ORD116,2023-11-11T08:52:33-05:00,Pending,99ec5f74-064a-36e4-9367-08217bc880b2,"Street 5, 330",JKL,NY,Brasil,59925,Terrible,2,cash,3,120,Product120,white,Samsung,Description120,https://example.com/image120.jpg,1,Categoria1,11,474.17,2023-11-22 04:34:50Z
2023-11-27 07:08:04Z,c257e962-53a6-4d22-9a55-30569f5133b8,user7,user7@example.com,"Street 7, 272",JKL,TX,Canada,23454,ORD117,2023-11-14T06:04:25-05:00,Pending,e64773a8-b11e-d252-aed3-ae60b9d77a81,"Street 4, 683",JKL,CA,Brasil,14193,Bom,3,credit,4,65,Product65,green,Samsung,Description65,https://example.com/image65.jpg,1,Categoria1,49,405.02,2023-11-27 07:08:04Z
2023-11-08 19:14:08Z,e64773a8-b11e-d252-aed3-ae60b9d77a81,user4,user4@example.com,"Street 4, 683",JKL,CA,Brasil,14193,ORD118,2023-11-03T18:31:07-05:00,Pending,346c56fe-6f13-a35f-b686-fd70fe39980a,"Street 6, 224",GHI,CA,United States,30547,Okay,5,cash,1,102,Product102,red,Google,Description102,https://example.com/image102.jpg,1,Categoria1,39,21.58,2023-11-08 19:14:08Z
2023-11-10 12:52:44Z,854a5ffd-649b-aef7-3a81-7a0eb5ac671e,user10,user10@example.com,"Street 10, 937",ABC,NY,Canada,65890,ORD119,2023-11-26T15:14:51-05:00,Cancelled,c257e962-53a6-4d22-9a55-30569f5133b8,"Street 7, 272",JKL,TX,Canada,23454,Great,4,credit,4,115,Product115,blue,Microsoft,Description115,https://example.com/image115.jpg,1,Categoria1,39,313.25,2023-11-10 12:52:44Z
2023-11-30 23:52:03Z,e64773a8-b11e-d252-aed3-ae60b9d77a81,user4,user4@example.com,"Street 4, 683",JKL,CA,Brasil,14193,ORD120,2023-11-20T08:43:55-05:00,Completed,0eb8c406-21cd-1d92-70e0-b1279008a12f,"Street 11, 853",ABC,TX,United States,32400,Bad,5,credit,1,3,Product3,blue,Samsung,Description3,https://example.com/image3.jpg,1,Categoria1,81,144.21,2023-11-30 23:52:03Z
2023-11-15 15:53:59Z,9641756c-3f37-67de-d4b4-a56c647ccb22,user9,user9@example.com,"Street 9, 953",JKL,TX,United States,72797,ORD121,2023-11-04T12:51:08-05:00,Completed,c257e962-53a6-4d22-9a55-30569f5133b8,"Street 7, 272",JKL,TX,Canada,23454,Bad,1,credit,4,37,Product37,black,Samsung,Description37,https://example.com/image37.jpg,1,Categoria1,23,16.05,2023-11-15 15:53:59Z
2023-11-08 10:18:51Z,d5ef2718-16f7-b5cd-44b3-7f717e6c78fd,user12,user12@example.com,"Street 12, 653",ABC,SC,United States,13469,ORD122,2023-11-22T05:26:10-05:00,Cancelled,0eb8c406-21cd-1d92-70e0-b1279008a12f,"Street 11, 853",ABC,TX,United States,32400,Okay,5,cash,2,81,Product81,black,Google,Description81,https://example.com/image81.jpg,1,Categoria1,73,316.37,2023-11-08 10:18:51Z
2023-11-29 07:53:48Z,9641756c-3f37-67de-d4b4-a56c647ccb22,user9,user9@example.com,"Street 9, 953",JKL,TX,United States,72797,ORD123,2023-11-09T21:13:30-05:00,Pending,c257e962-53a6-4d22-9a55-30569f5133b8,"Street 7, 272",JKL,TX,Canada,23454,Okay,3,cash,5,68,Product68,black,Google,Description68,https://example.com/image68.jpg,1,Categoria1,24,74.71,2023-11-29 07:53:48Z
2023-11-05 09:07:11Z,b3b08fca-c21b-c8ad-f4d6-c6a56be26a24,user1,user1@example.com,"Street 1, 622",DEF,SC,Canada,72173,ORD124,2023-11-24T17:33:34-05:00,Cancelled,d5ef2718-16f7-b5cd-44b3-7f717e6c78fd,"Street 12, 653",ABC,SC,United States,13469,Terrible,1,debit,4,66,Product66,blue,Apple,Description66,https://example.com/image66.jpg,1,Categoria1,27,159.45,2023-11-05 09:07:11Z
2023-11-27 01:15:56Z,854a5ffd-649b-aef7-3a81-7a0eb5ac671e,user10,user10@example.com,"Street 10, 937",ABC,NY,Canada,65890,ORD125,2023-11-08T12:18:19-05:00,Completed,b3b08fca-c21b-c8ad-f4d6-c6a56be26a24,"Street 1, 622",DEF,SC,Canada,72173,Bom,2,credit,2,59,Product59,red,Microsoft,Description59,https://example.com/image59.jpg,1,Categoria1,39,87.84,2023-11-27 01:15:56Z
2023-11-09 17:13:56Z,0eb8c406-21cd-1d92-70e0-b1279008a12f,user11,user11@example.com,"Street 11, 853",ABC,TX,United States,32400,ORD126,2023-11-17T06:38:19-05:00,Cancelled,e64773a8-b11e-d252-aed3-ae60b9d77a81,"Street 4, 683",JKL,CA,Brasil,14193,Bad,2,credit,2,119,Product119,red,Samsung,Description119,https://example.com/image119.jpg,1,Categoria1,91,146.96,2023-11-09 17:13:56Z
2023-11-05 08:13:13Z,0eb8c406-21cd-1d92-70e0-b1279008a12f,user11,user11@example.com,"Street 11, 853",ABC,TX,United States,32400,ORD127,2023-11-19T16:09:23-05:00,Completed,c257e962-53a6-4d22-9a55-30569f5133b8,"Street 7, 272",JKL,TX,Canada,23454,Terrible,5,pix,4,97,Product97,red,Samsung,Description97,https://example.com/image97.jpg,1,Categoria1,60,398.37,2023-11-05 08:13:13Z
2023-11-04 16:16:02Z,346c56fe-6f13-a35f-b686-fd70fe39980a,user6,user6@example.com,"Street 6, 224",GHI,CA,United States,30547,ORD128,2023-11-12T17:04:28-05:00,Pending,9641756c-3f37-67de-d4b4-a56c647ccb22,"Street 9, 953",JKL,TX,United States,72797,Terrible,5,credit,4,118,Product118,white,Apple,Description118,https://example.com/image118.jpg,1,Categoria1,64,171.34,2023-11-04 16:16:02Z
2023-11-06 04:58:54Z,b3b08fca-c21b-c8ad-f4d6-c6a56be26a24,user1,user1@example.com,"Street 1, 622",DEF,SC,Canada,72173,ORD129,2023-11-28T16:05:25-05:00,Completed,c257e962-53a6-4d22-9a55-30569f5133b8,"Street 7, 272",JKL,TX,Canada,23454,Bad,5,credit,5,99,Product99,black,Google,Description99,https://example.com/image99.jpg,1,Categoria1,90,450.56,2023-11-06 04:58:54Z
2023-11-19 04:04:51Z,d5ef2718-16f7-b5cd-44b3-7f717e6c78fd,user12,user12@example.com,"Street 12, 653",ABC,SC,United States,13469,ORD130,2023-11-05T22:01:00-05:00,Pending,d5ef2718-16f7-b5cd-44b3-7f717e6c78fd,"Street 12, 653",ABC,SC,United States,13469,Terrible,4,cash,5,12,Product12,red,Google,Description12,https://example.com/image12.jpg,1,Categoria1,59,166.45,2023-11-19 04:04:51Z
2023-11-16 16:47:37Z,c257e962-53a6-4d22-9a55-30569f5133b8,user7,user7@example.com,"Street 7, 272",JKL,TX,Canada,23454,ORD131,2023-11-27T17:25:45-05:00,Cancelled,c257e962-53a6-4d22-9a55-30569f5133b8,"Street 7, 272",JKL,TX,Canada,23454,Great,5,pix,2,57,Product57,white,Apple,Description57,https://example.com/image57.jpg,1,Categoria1,0,236.17,2023-11-16 16:47:37Z
2023-11-25 01:45:22Z,f200c2e4-9923-386d-f9a8-e30e0f1c0022,user8,user8@example.com,"Street 8, 566",ABC,CA,Brasil,55549,ORD132,2023-11-04T10:46:17-05:00,Pending,2937c3dd-a3ed-42a0-4607-77f4974fbfa7,"Street 2, 59",DEF,CA,Canada,52673,Bad,5,debit,1,35,Product35,white,Sony,Description35,https://example.com/image35.jpg,1,Categoria1,41,444.8,2023-11-25 01:45:22Z
2023-11-30 04:51:41Z,2937c3dd-a3ed-42a0-4607-77f4974fbfa7,user2,user2@example.com,"Street 2, 59",DEF,CA,Canada,52673,ORD133,2023-11-13T11:57:57-05:00,Pending,d5ef2718-16f7-b5cd-44b3-7f717e6c78fd,"Street 12, 653",ABC,SC,United States,13469,Bom,2,credit,3,42,Product42,green,Samsung,Description42,https://example.com/image42.jpg,1,Categoria1,25,204.83,2023-11-30 04:51:41Z
2023-11-10 02:48:55Z,3e9cf4eb-21c3-7b92-f7eb-3dccfb6a553d,user3,user3@example.com,"Street 3, 55",GHI,NY,Canada,27498,ORD134,2023-11-17T06:53:17-05:00,Pending,346c56fe-6f13-a35f-b686-fd70fe39980a,"Street 6, 224",GHI,CA,United States,30547,Bad,4,credit,5,28,Product28,white,Sony,Description28,https://example.com/image28.jpg,1,Categoria1,77,213.05,2023-11-10 02:48:55Z
2023-11-21 20:02:04Z,99ec5f74-064a-36e4-9367-08217bc880b2,user5,user5@example.com,"Street 5, 330",JKL,NY,Brasil,59925,ORD135,2023-11-12T02:05:56-05:00,Pending,b3b08fca-c21b-c8ad-f4d6-c6a56be26a24,"Street 1, 622",DEF,SC,Canada,72173,Bad,3,pix,5,26,Product26,green,Microsoft,Description26,https://example.com/image26.jpg,1,Categoria1,100,452.64,2023-11-21 20:02:04Z
2023-11-19 06:16:59Z,d5ef2718-16f7-b5cd-44b3-7f717e6c78fd,user12,user12@example.com,"Street 12, 653",ABC,SC,United States,13469,ORD136,2023-11-24T14:29:52-05:00,Pending,854a5ffd-649b-aef7-3a81-7a0eb5ac671e,"Street 10, 937",ABC,NY,Canada,65890,Okay,2,credit,4,74,Product74,red,Apple,Description74,https://example.com/image74.jpg,1,Categoria1,32,90.25,2023-11-19 06:16:59Z
2023-11-27 02:59:10Z,2937c3dd-a3ed-42a0-4607-77f4974fbfa7,user2,user2@example.com,"Street 2, 59",DEF,CA,Canada,52673,ORD137,2023-11-21T00:25:04-05:00,Completed,f200c2e4-9923-386d-f9a8-e30e0f1c0022,"Street 8, 566",ABC,CA,Brasil,55549,Okay,3,debit,2,68,Product68,black,Google,Description68,https://example.com/image68.jpg,1,Categoria1,24,74.71,2023-11-27 02:59:10Z
2023-11-12 07:33:18Z,9641756c-3f37-67de-d4b4-a56c647ccb22,user9,user9@example.com,"Street 9, 953",JKL,TX,United States,72797,ORD138,2023-11-02T09:22:10-05:00,Completed,d5ef2718-16f7-b5cd-44b3-7f717e6c78fd,"Street 12, 653",ABC,SC,United States,13469,Bom,5,cash,3,77,Product77,green,Microsoft,Description77,https://example.com/image77.jpg,1,Categoria1,39,135.26,2023-11-12 07:33:18Z
2023-11-29 15:38:14Z,9641756c-3f37-67de-d4b4-a56c647ccb22,user9,user9@example.com,"Street 9, 953",JKL,TX,United States,72797,ORD139,2023-11-20T06:15:19-05:00,Pending,d5ef2718-16f7-b5cd-44b3-7f717e6c78fd,"Street 12, 653",ABC,SC,United States,13469,Okay,5,debit,2,64,Product64,black,Sony,Description64,https://example.com/image64.jpg,1,Categoria1,49,399.48,2023-11-29 15:38:14Z
2023-11-01 05:22:41Z,2937c3dd-a3ed-42a0-4607-77f4974fbfa7,user2,user2@example.com,"Street 2, 59",DEF,CA,Canada,52673,ORD140,2023-11-02T04:46:47-05:00,Completed,f200c2e4-9923-386d-f9a8-e30e0f1c0022,"Street 8, 566",ABC,CA,Brasil,55549,Terrible,1,pix,1,21,Product21,black,Google,Description21,https://example.com/image21.jpg,1,Categoria1,10,286.71,2023-11-01 05:22:41Z
2023-11-19 12:30:51Z,c257e962-53a6-4d22-9a55-30569f5133b8,user7,user7@example.com,"Street 7, 272",JKL,TX,Canada,23454,ORD141,2023-11-23T16:04:59-05:00,Cancelled,346c56fe-6f13-a35f-b686-fd70fe39980a,"Street 6, 224",GHI,CA,United States,30547,Terrible,1,cash,1,95,Product95,blue,Sony,Description95,https://example.com/image95.jpg,1,Categoria1,90,24.87,2023-11-19 12:30:51Z
2023-11-19 02:50:38Z,2937c3dd-a3ed-42a0-4607-77f4974fbfa7,user2,user2@example.com,"Street 2, 59",DEF,CA,Canada,52673,ORD142,2023-11-30T08:57:06-05:00,Completed,f200c2e4-9923-386d-f9a8-e30e0f1c0022,"Street 8, 566",ABC,CA,Brasil,55549,Bom,4,pix,3,117,Product117,white,Google,Description117,https://example.com/image117.jpg,1,Categoria1,30,41.42,2023-11-19 02:50:38Z
2023-11-04 12:08:09Z,c257e962-53a6-4d22-9a55-30569f5133b8,user7,user7@example.com,"Street 7, 272",JKL,TX,Canada,23454,ORD143,2023-11-09T11:55:42-05:00,Cancelled,0eb8c406-21cd-1d92-70e0-b1279008a12f,"Street 11, 853",ABC,TX,United States,32400,Okay,1,cash,4,117,Product117,white,Google,Description117,https://example.com/image117.jpg,1,Categoria1,30,41.42,2023-11-04 12:08:09Z
2023-11-28 17:07:30Z,d5ef2718-16f7-b5cd-44b3-7f717e6c78fd,user12,user12@example.com,"Street 12, 653",ABC,SC,United States,13469,ORD144,2023-11-26T15:10:48-05:00,Cancelled,9641756c-3f37-67de-d4b4-a56c647ccb22,"Street 9, 953",JKL,TX,United States,72797,Great,5,cash,1,92,Product92,green,Google,Description92,https://example.com/image92.jpg,1,Categoria1,44,128.7,2023-11-28 17:07:30Z
2023-11-05 23:28:09Z,c257e962-53a6-4d22-9a55-30569f5133b8,user7,user7@example.com,"Street 7, 272",JKL,TX,Canada,23454,ORD145,2023-11-15T17:56:16-05:00,Completed,3e9cf4eb-21c3-7b92-f7eb-3dccfb6a553d,"Street 3, 55",GHI,NY,Canada,27498,Great,4,cash,2,36,Product36,red,Samsung,Description36,https://example.com/image36.jpg,1,Categoria1,62,288.25,2023-11-05 23:28:09Z
2023-11-11 20:09:56Z,3e9cf4eb-21c3-7b92-f7eb-3dccfb6a553d,user3,user3@example.com,"Street 3, 55",GHI,NY,Canada,27498,ORD146,2023-11-29T19:15:51-05:00,Cancelled,99ec5f74-064a-36e4-9367-08217bc880b2,"Street 5, 330",JKL,NY,Brasil,59925,Great,1,credit,4,125,Product125,white,Apple,Description125,https://example.com/image125.jpg,1,Categoria1,65,96.08,2023-11-11 20:09:56Z
2023-11-16 17:30:28Z,0eb8c406-21cd-1d92-70e0-b1279008a12f,user11,user11@example.com,"Street 11, 853",ABC,TX,United States,32400,ORD147,2023-11-25T09:44:50-05:00,Completed,3e9cf4eb-21c3-7b92-f7eb-3dccfb6a553d,"Street 3, 55",GHI,NY,Canada,27498,Great,1,debit,2,82,Product82,green,Google,Description82,https://example.com/image82.jpg,1,Categoria1,56,260.98,2023-11-16 17:30:28Z
2023-11-03 20:25:58Z,0eb8c406-21cd-1d92-70e0-b1279008a12f,user11,user11@example.com,"Street 11, 853",ABC,TX,United States,32400,ORD148,2023-11-17T22:04:28-05:00,Pending,9641756c-3f37-67de-d4b4-a56c647ccb22,"Street 9, 953",JKL,TX,United States,72797,Terrible,4,pix,3,78,Product78,black,Apple,Description78,https://example.com/image78.jpg,1,Categoria1,10,218.69,2023-11-03 20:25:58Z
2023-11-03 18:17:15Z,e64773a8-b11e-d252-aed3-ae60b9d77a81,user4,user4@example.com,"Street 4, 683",JKL,CA,Brasil,14193,ORD149,2023-11-17T06:18:21-05:00,Cancelled,d5ef2718-16f7-b5cd-44b3-7f717e6c78fd,"Street 12, 653",ABC,SC,United States,13469,Great,2,pix,3,29,Product29,red,Sony,Description29,https://example.com/image29.jpg,1,Categoria1,87,85.22,2023-11-03 18:17:15Z
2023-11-30 23:06:21Z,d5ef2718-16f7-b5cd-44b3-7f717e6c78fd,user12,user12@example.com,"Street 12, 653",ABC,SC,United States,13469,ORD150,2023-11-06T03:02:59-05:00,Pending,854a5ffd-649b-aef7-3a81-7a0eb5ac671e,"Street 10, 937",ABC,NY,Canada,65890,Great,4,credit,4,76,Product76,black,Google,Description76,https://example.com/image76.jpg,1,Categoria1,67,364.1,2023-11-30 23:06:21Z
2023-11-11 08:42:06Z,0eb8c406-21cd-1d92-70e0-b1279008a12f,user11,user11@example.com,"Street 11, 853",ABC,TX,United States,32400,ORD151,2023-11-05T20:17:28-05:00,Completed,854a5ffd-649b-aef7-3a81-7a0eb5ac671e,"Street 10, 937",ABC,NY,Canada,65890,Great,3,debit,2,19,Product19,green,Samsung,Description19,https://example.com/image19.jpg,1,Categoria1,57,116.33,2023-11-11 08:42:06Z
2023-11-11 01:56:01Z,9641756c-3f37-67de-d4b4-a56c647ccb22,user9,user9@example.com,"Street 9, 953",JKL,TX,United States,72797,ORD152,2023-11-06T19:12:30-05:00,Cancelled,b3b08fca-c21b-c8ad-f4d6-c6a56be26a24,"Street 1, 622",DEF,SC,Canada,72173,Great,3,credit,1,52,Product52,green,Samsung,Description52,https://example.com/image52.jpg,1,Categoria1,73,262.99,2023-11-11 01:56:01Z
2023-11-24 15:55:05Z,c257e962-53a6-4d22-9a55-30569f5133b8,user7,user7@example.com,"Street 7, 272",JKL,TX,Canada,23454,ORD153,2023-11-22T04:21:34-05:00,Cancelled,0eb8c406-21cd-1d92-70e0-b1279008a12f,"Street 11, 853",ABC,TX,United States,32400,Bom,1,debit,3,79,Product79,red,Samsung,Description79,https://example.com/image79.jpg,1,Categoria1,20,221.2,2023-11-24 15:55:05Z
2023-11-06 15:20:00Z,f200c2e4-9923-386d-f9a8-e30e0f1c0022,user8,user8@example.com,"Street 8, 566",ABC,CA,Brasil,55549,ORD154,2023-11-13T20:07:23-05:00,Pending,b3b08fca-c21b-c8ad-f4d6-c6a56be26a24,"Street 1, 622",DEF,SC,Canada,72173,Terrible,5,pix,4,10,Product10,blue,Google,Description10,https://example.com/image10.jpg,1,Categoria1,77,203.56,2023-11-06 15:20:00Z
2023-11-11 22:47:21Z,3e9cf4eb-21c3-7b92-f7eb-3dccfb6a553d,user3,user3@example.com,"Street 3, 55",GHI,NY,Canada,27498,ORD155,2023-11-20T23:36:29-05:00,Cancelled,346c56fe-6f13-a35f-b686-fd70fe39980a,"Street 6, 224",GHI,CA,United States,30547,Great,3,credit,2,121,Product121,black,Google,Description121,https://example.com/image121.jpg,1,Categoria1,8,155.45,2023-11-11 22:47:21Z
2023-11-21 00:28:34Z,9641756c-3f37-67de-d4b4-a56c647ccb22,user9,user9@example.com,"Street 9, 953",JKL,TX,United States,72797,ORD156,2023-11-08T05:33:30-05:00,Pending,e64773a8-b11e-d252-aed3-ae60b9d77a81,"Street 4, 683",JKL,CA,Brasil,14193,Bad,5,cash,3,77,Product77,green,Microsoft,Description77,https://example.com/image77.jpg,1,Categoria1,39,135.26,2023-11-21 00:28:34Z
2023-11-01 11:51:02Z,c257e962-53a6-4d22-9a55-30569f5133b8,user7,user7@example.com,"Street 7, 272",JKL,TX,Canada,23454,ORD157,2023-11-06T15:43:39-05:00,Pending,9641756c-3f37-67de-d4b4-a56c647ccb22,"Street 9, 953",JKL,TX,United States,72797,Bom,2,pix,5,6,Product6,blue,Microsoft,Description6,https://example.com/image6.jpg,1,Categoria1,60,305.73,2023-11-01 11:51:02Z
2023-11-23 10:50:56Z,9641756c-3f37-67de-d4b4-a56c647ccb22,user9,user9@example.com,"Street 9, 953",JKL,TX,United States,72797,ORD158,2023-11-28T19:34:07-05:00,Cancelled,2937c3dd-a3ed-42a0-4607-77f4974fbfa7,"Street 2, 59",DEF,CA,Canada,52673,Bad,3,cash,2,4,Product4,red,Apple,Description4,https://example.com/image4.jpg,1,Categoria1,17,118.4,2023-11-23 10:50:56Z
2023-11-03 12:21:44Z,346c56fe-6f13-a35f-b686-fd70fe39980a,user6,user6@example.com,"Street 6, 224",GHI,CA,United States,30547,ORD159,2023-11-12T07:40:01-05:00,Completed,99ec5f74-064a-36e4-9367-08217bc880b2,"Street 5, 330",JKL,NY,Brasil,59925,Bom,1,pix,5,116,Product116,blue,Samsung,Description116,https://example.com/image116.jpg,1,Categoria1,59,400.03,2023-11-03 12:21:44Z
2023-11-10 01:39:15Z,d5ef2718-16f7-b5cd-44b3-7f717e6c78fd,user12,user12@example.com,"Street 12, 653",ABC,SC,United States,13469,ORD160,2023-11-18T10:22:37-05:00,Pending,99ec5f74-064a-36e4-9367-08217bc880b2,"Street 5, 330",JKL,NY,Brasil,59925,Terrible,1,pix,2,111,Product111,black,Google,Description111,https://example.com/image111.jpg,1,Categoria1,31,262.95,2023-11-10 01:39:15Z
2023-11-08 21:50:53Z,b3b08fca-c21b-c8ad-f4d6-c6a56be26a24,user1,user1@example.com,"Street 1, 622",DEF,SC,Canada,72173,ORD161,2023-11-10T02:41:11-05:00,Cancelled,f200c2e4-9923-386d-f9a8-e30e0f1c0022,"Street 8, 566",ABC,CA,Brasil,55549,Bad,1,cash,1,86,Product86,red,Sony,Description86,https://example.com/image86.jpg,1,Categoria1,22,473.77,2023-11-08 21:50:53Z
2023-11-20 13:23:18Z,2937c3dd-a3ed-42a0-4607-77f4974fbfa7,user2,user2@example.com,"Street 2, 59",DEF,CA,Canada,52673,ORD162,2023-11-27T16:54:24-05:00,Pending,f200c2e4-9923-386d-f9a8-e30e0f1c0022,"Street 8, 566",ABC,CA,Brasil,55549,Okay,3,debit,5,121,Product121,black,Google,Description121,https://example.com/image121.jpg,1,Categoria1,8,155.45,2023-11-20 13:23:18Z
2023-11-04 14:29:29Z,99ec5f74-064a-36e4-9367-08217bc880b2,user5,user5@example.com,"Street 5, 330",JKL,NY,Brasil,59925,ORD163,2023-11-12T10:48:48-05:00,Pending,2937c3dd-a3ed-42a0-4607-77f4974fbfa7,"Street 2, 59",DEF,CA,Canada,52673,Bom,2,pix,3,18,Product18,green,Microsoft,Description18,https://example.com/image18.jpg,1,Categoria1,52,93.19,2023-11-04 14:29:29Z
2023-11-25 10:16:14Z,2937c3dd-a3ed-42a0-4607-77f4974fbfa7,user2,user2@example.com,"Street 2, 59",DEF,CA,Canada,52673,ORD164,2023-11-08T15:53:35-05:00,Cancelled,99ec5f74-064a-36e4-9367-08217bc880b2,"Street 5, 330",JKL,NY,Brasil,59925,Okay,3,credit,5,66,Product66,blue,Apple,Description66,https://example.com/image66.jpg,1,Categoria1,27,159.45,2023-11-25 10:16:14Z
2023-11-23 20:47:35Z,c257e962-53a6-4d22-9a55-30569f5133b8,user7,user7@example.com,"Street 7, 272",JKL,TX,Canada,23454,ORD165,2023-11-09T13:10:04-05:00,Completed,0eb8c406-21cd-1d92-70e0-b1279008a12f,"Street 11, 853",ABC,TX,United States,32400,Bad,3,cash,3,75,Product75,blue,Google,Description75,https://example.com/image75.jpg,1,Categoria1,29,135.62,2023-11-23 20:47:35Z
2023-11-27 10:37:43Z,d5ef2718-16f7-b5cd-44b3-7f717e6c78fd,user12,user12@example.com,"Street 12, 653",ABC,SC,United States,13469,ORD166,2023-11-30T04:43:17-05:00,Pending,99ec5f74-064a-36e4-9367-08217bc880b2,"Street 5, 330",JKL,NY,Brasil,59925,Bom,4,cash,4,54,Product54,green,Google,Description54,https://example.com/image54.jpg,1,Categoria1,51,91.32,2023-11-27 10:37:43Z
2023-11-13 07:56:04Z,0eb8c406-21cd-1d92-70e0-b1279008a12f,user11,user11@example.com,"Street 11, 853",ABC,TX,United States,32400,ORD167,2023-11-08T16:20:19-05:00,Pending,b3b08fca-c21b-c8ad-f4d6-c6a56be26a24,"Street 1, 622",DEF,SC,Canada,72173,Terrible,3,debit,5,125,Product125,white,Apple,Description125,https://example.com/image125.jpg,1,Categoria1,65,96.08,2023-11-13 07:56:04Z
2023-11-30 05:04:03Z,b3b08fca-c21b-c8ad-f4d6-c6a56be26a24,user1,user1@example.com,"Street 1, 622",DEF,SC,Canada,72173,ORD168,2023-11-12T01:11:25-05:00,Completed,f200c2e4-9923-386d-f9a8-e30e0f1c0022,"Street 8, 566",ABC,CA,Brasil,55549,Terrible,1,debit,1,110,Product110,black,Google,Description110,https://example.com/image110.jpg,1,Categoria1,2,96.66,2023-11-30 05:04:03Z
2023-11-24 20:05:51Z,346c56fe-6f13-a35f-b686-fd70fe39980a,user6,user6@example.com,"Street 6, 224",GHI,CA,United States,30547,ORD169,2023-11-12T06:49:18-05:00,Pending,9641756c-3f37-67de-d4b4-a56c647ccb22,"Street 9, 953",JKL,TX,United States,72797,Terrible,2,cash,2,21,Product21,black,Google,Description21,https://example.com/image21.jpg,1,Categoria1,10,286.71,2023-11-24 20:05:51Z
2023-11-10 20:59:13Z,3e9cf4eb-21c3-7b92-f7eb-3dccfb6a553d,user3,user3@example.com,"Street 3, 55",GHI,NY,Canada,27498,ORD170,2023-11-03T00:51:13-05:00,Pending,346c56fe-6f13-a35f-b686-fd70fe39980a,"Street 6, 224",GHI,CA,United States,30547,Bad,5,debit,5,66,Product66,blue,Apple,Description66,https://example.com/image66.jpg,1,Categoria1,27,159.45,2023-11-10 20:59:13Z
2023-11-25 19:53:17Z,346c56fe-6f13-a35f-b686-fd70fe39980a,user6,user6@example.com,"Street 6, 224",GHI,CA,United States,30547,ORD171,2023-11-05T03:26:56-05:00,Completed,b3b08fca-c21b-c8ad-f4d6-c6a56be26a24,"Street 1, 622",DEF,SC,Canada,72173,Bad,2,pix,5,102,Product102,red,Google,Description102,https://example.com/image102.jpg,1,Categoria1,39,21.58,2023-11-25 19:53:17Z
2023-11-28 12:30:55Z,f200c2e4-9923-386d-f9a8-e30e0f1c0022,user8,user8@example.com,"Street 8, 566",ABC,CA,Brasil,55549,ORD172,2023-11-19T15:25:01-05:00,Pending,f200c2e4-9923-386d-f9a8-e30e0f1c0022,"Street 8, 566",ABC,CA,Brasil,55549,Great,1,cash,2,52,Product52,green,Samsung,Description52,https://example.com/image52.jpg,1,Categoria1,73,262.99,2023-11-28 12:30:55Z
2023-11-20 21:52:06Z,c257e962-53a6-4d22-9a55-30569f5133b8,user7,user7@example.com,"Street 7, 272",JKL,TX,Canada,23454,ORD173,2023-11-21T11:17:18-05:00,Pending,2937c3dd-a3ed-42a0-4607-77f4974fbfa7,"Street 2, 59",DEF,CA,Canada,52673,Great,3,cash,1,68,Product68,black,Google,Description68,https://example.com/image68.jpg,1,Categoria1,24,74.71,2023-11-20 21:52:06Z
2023-11-09 08:42:41Z,854a5ffd-649b-aef7-3a81-7a0eb5ac671e,user10,user10@example.com,"Street 10, 937",ABC,NY,Canada,65890,ORD174,2023-11-26T13:52:23-05:00,Completed,3e9cf4eb-21c3-7b92-f7eb-3dccfb6a553d,"Street 3, 55",GHI,NY,Canada,27498,Okay,5,credit,3,79,Product79,red,Samsung,Description79,https://example.com/image79.jpg,1,Categoria1,20,221.2,2023-11-09 08:42:41Z
2023-11-02 15:33:24Z,346c56fe-6f13-a35f-b686-fd70fe39980a,user6,user6@example.com,"Street 6, 224",GHI,CA,United States,30547,ORD175,2023-11-14T23:42:24-05:00,Cancelled,3e9cf4eb-21c3-7b92-f7eb-3dccfb6a553d,"Street 3, 55",GHI,NY,Canada,27498,Bad,4,cash,4,15,Product15,white,Samsung,Description15,https://example.com/image15.jpg,1,Categoria1,48,168.18,2023-11-02 15:33:24Z
2023-11-26 17:16:54Z,854a5ffd-649b-aef7-3a81-7a0eb5ac671e,user10,user10@example.com,"Street 10, 937",ABC,NY,Canada,65890,ORD176,2023-11-19T19:14:36-05:00,Completed,346c56fe-6f13-a35f-b686-fd70fe39980a,"Street 6, 224",GHI,CA,United States,30547,Okay,2,pix,5,1,Product1,black,Google,Description1,https://example.com/image1.jpg,1,Categoria1,57,486.23,2023-11-26 17:16:54Z
2023-11-01 02:40:35Z,9641756c-3f37-67de-d4b4-a56c647ccb22,user9,user9@example.com,"Street 9, 953",JKL,TX,United States,72797,ORD177,2023-11-20T19:09:13-05:00,Completed,d5ef2718-16f7-b5cd-44b3-7f717e6c78fd,"Street 12, 653",ABC,SC,United States,13469,Bad,5,credit,2,111,Product111,black,Google,Description111,https://example.com/image111.jpg,1,Categoria1,31,262.95,2023-11-01 02:40:35Z
2023-11-30 21:46:18Z,f200c2e4-9923-386d-f9a8-e30e0f1c0022,user8,user8@example.com,"Street 8, 566",ABC,CA,Brasil,55549,ORD178,2023-11-18T18:31:24-05:00,Pending,c257e962-53a6-4d22-9a55-30569f5133b8,"Street 7, 272",JKL,TX,Canada,23454,Bom,5,pix,5,121,Product121,black,Google,Description121,https://example.com/image121.jpg,1,Categoria1,8,155.45,2023-11-30 21:46:18Z
2023-11-06 18:19:44Z,3e9cf4eb-21c3-7b92-f7eb-3dccfb6a553d,user3,user3@example.com,"Street 3, 55",GHI,NY,Canada,27498,ORD179,2023-11-03T17:33:24-05:00,Completed,3e9cf4eb-21c3-7b92-f7eb-3dccfb6a553d,"Street 3, 55",GHI,NY,Canada,27498,Bom,2,cash,5,66,Product66,blue,Apple,Description66,https://example.com/image66.jpg,1,Categoria1,27,159.45,2023-11-06 18:19:44Z
2023-11-28 07:16:59Z,99ec5f74-064a-36e4-9367-08217bc880b2,user5,user5@example.com,"Street 5, 330",JKL,NY,Brasil,59925,ORD180,2023-11-10T16:25:50-05:00,Completed,346c56fe-6f13-a35f-b686-fd70fe39980a,"Street 6, 224",GHI,CA,United States,30547,Okay,5,pix,4,55,Product55,black,Sony,Description55,https://example.com/image55.jpg,1,Categoria1,54,454.47,2023-11-28 07:16:59Z
2023-11-24 06:12:34Z,99ec5f74-064a-36e4-9367-08217bc880b2,user5,user5@example.com,"Street 5, 330",JKL,NY,Brasil,59925,ORD181,2023-11-16T01:59:38-05:00,Completed,d5ef2718-16f7-b5cd-44b3-7f717e6c78fd,"Street 12, 653",ABC,SC,United States,13469,Okay,3,cash,5,57,Product57,white,Apple,Description57,https://example.com/image57.jpg,1,Categoria1,0,236.17,2023-11-24 06:12:34Z
2023-11-06 14:15:56Z,3e9cf4eb-21c3-7b92-f7eb-3dccfb6a553d,user3,user3@example.com,"Street 3, 55",GHI,NY,Canada,27498,ORD182,2023-11-07T10:55:40-05:00,Completed,99ec5f74-064a-36e4-9367-08217bc880b2,"Street 5, 330",JKL,NY,Brasil,59925,Terrible,1,credit,4,63,Product63,green,Samsung,Description63,https://example.com/image63.jpg,1,Categoria1,23,177.1,2023-11-06 14:15:56Z
2023-11-12 22:15:55Z,9641756c-3f37-67de-d4b4-a56c647ccb22,user9,user9@example.com,"Street 9, 953",JKL,TX,United States,72797,ORD183,2023-11-30T09:31:06-05:00,Completed,854a5ffd-649b-aef7-3a81-7a0eb5ac671e,"Street 10, 937",ABC,NY,Canada,65890,Bad,5,cash,4,21,Product21,black,Google,Description21,https://example.com/image21.jpg,1,Categoria1,10,286.71,2023-11-12 22:15:55Z
2023-11-26 14:25:07Z,e64773a8-b11e-d252-aed3-ae60b9d77a81,user4,user4@example.com,"Street 4, 683",JKL,CA,Brasil,14193,ORD184,2023-11-11T15:04:36-05:00,Completed,c257e962-53a6-4d22-9a55-30569f5133b8,"Street 7, 272",JKL,TX,Canada,23454,Terrible,3,pix,5,89,Product89,blue,Apple,Description89,https://example.com/image89.jpg,1,Categoria1,74,85.23,2023-11-26 14:25:07Z
2023-11-12 14:15:49Z,c257e962-53a6-4d22-9a55-30569f5133b8,user7,user7@example.com,"Street 7, 272",JKL,TX,Canada,23454,ORD185,2023-11-23T05:40:24-05:00,Cancelled,b3b08fca-c21b-c8ad-f4d6-c6a56be26a24,"Street 1, 622",DEF,SC,Canada,72173,Bom,5,pix,1,117,Product117,white,Google,Description117,https://example.com/image117.jpg,1,Categoria1,30,41.42,2023-11-12 14:15:49Z
2023-11-16 15:48:07Z,346c56fe-6f13-a35f-b686-fd70fe39980a,user6,user6@example.com,"Street 6, 224",GHI,CA,United States,30547,ORD186,2023-11-15T16:31:58-05:00,Completed,e64773a8-b11e-d252-aed3-ae60b9d77a81,"Street 4, 683",JKL,CA,Brasil,14193,Bad,3,cash,5,58,Product58,blue,Google,Description58,https://example.com/image58.jpg,1,Categoria1,40,266.18,2023-11-16 15:48:07Z
2023-11-02 03:42:02Z,9641756c-3f37-67de-d4b4-a56c647ccb22,user9,user9@example.com,"Street 9, 953",JKL,TX,United States,72797,ORD187,2023-11-30T01:16:32-05:00,Cancelled,f200c2e4-9923-386d-f9a8-e30e0f1c0022,"Street 8, 566",ABC,CA,Brasil,55549,Bom,3,debit,5,107,Product107,red,Google,Description107,https://example.com/image107.jpg,1,Categoria1,7,273.72,2023-11-02 03:42:02Z
2023-11-23 03:04:23Z,2937c3dd-a3ed-42a0-4607-77f4974fbfa7,user2,user2@example.com,"Street 2, 59",DEF,CA,Canada,52673,ORD188,2023-11-07T12:16:09-05:00,Completed,854a5ffd-649b-aef7-3a81-7a0eb5ac671e,"Street 10, 937",ABC,NY,Canada,65890,Bad,2,credit,5,89,Product89,blue,Apple,Description89,https://example.com/image89.jpg,1,Categoria1,74,85.23,2023-11-23 03:04:23Z
2023-11-18 22:45:13Z,346c56fe-6f13-a35f-b686-fd70fe39980a,user6,user6@example.com,"Street 6, 224",GHI,CA,United States,30547,ORD189,2023-11-23T02:10:22-05:00,Completed,854a5ffd-649b-aef7-3a81-7a0eb5ac671e,"Street 10, 937",ABC,NY,Canada,65890,Bad,1,cash,4,53,Product53,white,Samsung,Description53,https://example.com/image53.jpg,1,Categoria1,93,468.97,2023-11-18 22:45:13Z
2023-11-10 23:52:30Z,9641756c-3f37-67de-d4b4-a56c647ccb22,user9,user9@example.com,"Street 9, 953",JKL,TX,United States,72797,ORD190,2023-11-18T11:33:10-05:00,Pending,3e9cf4eb-21c3-7b92-f7eb-3dccfb6a553d,"Street 3, 55",GHI,NY,Canada,27498,Terrible,1,pix,2,90,Product90,black,Microsoft,Description90,https://example.com/image90.jpg,1,Categoria1,65,401.58,2023-11-10 23:52:30Z
2023-11-10 14:19:59Z,d5ef2718-16f7-b5cd-44b3-7f717e6c78fd,user12,user12@example.com,"Street 12, 653",ABC,SC,United States,13469,ORD191,2023-11-20T21:14:04-05:00,Cancelled,3e9cf4eb-21c3-7b92-f7eb-3dccfb6a553d,"Street 3, 55",GHI,NY,Canada,27498,Bad,1,debit,1,77,Product77,green,Microsoft,Description77,https://example.com/image77.jpg,1,Categoria1,39,135.26,2023-11-10 14:19:59Z
2023-11-29 17:57:29Z,f200c2e4-9923-386d-f9a8-e30e0f1c0022,user8,user8@example.com,"Street 8, 566",ABC,CA,Brasil,55549,ORD192,2023-11-07T00:15:56-05:00,Pending,346c56fe-6f13-a35f-b686-fd70fe39980a,"Street 6, 224",GHI,CA,United States,30547,Great,5,debit,1,71,Product71,green,Sony,Description71,https://example.com/image71.jpg,1,Categoria1,11,395.55,2023-11-29 17:57:29Z
2023-11-23 08:10:05Z,0eb8c406-21cd-1d92-70e0-b1279008a12f,user11,user11@example.com,"Street 11, 853",ABC,TX,United States,32400,ORD193,2023-11-21T06:45:04-05:00,Completed,f200c2e4-9923-386d-f9a8-e30e0f1c0022,"Street 8, 566",ABC,CA,Brasil,55549,Terrible,2,debit,4,122,Product122,white,Sony,Description122,https://example.com/image122.jpg,1,Categoria1,74,191.98,2023-11-23 08:10:05Z
2023-11-22 16:24:15Z,e64773a8-b11e-d252-aed3-ae60b9d77a81,user4,user4@example.com,"Street 4, 683",JKL,CA,Brasil,14193,ORD194,2023-11-16T00:01:02-05:00,Completed,0eb8c406-21cd-1d92-70e0-b1279008a12f,"Street 11, 853",ABC,TX,United States,32400,Okay,2,credit,3,125,Product125,white,Apple,Description125,https://example.com/image125.jpg,1,Categoria1,65,96.08,2023-11-22 16:24:15Z
2023-11-20 14:34:15Z,e64773a8-b11e-d252-aed3-ae60b9d77a81,user4,user4@example.com,"Street 4, 683",JKL,CA,Brasil,14193,ORD195,2023-11-19T11:12:00-05:00,Cancelled,99ec5f74-064a-36e4-9367-08217bc880b2,"Street 5, 330",JKL,NY,Brasil,59925,Bad,4,credit,4,89,Product89,blue,Apple,Description89,https://example.com/image89.jpg,1,Categoria1,74,85.23,2023-11-20 14:34:15Z
2023-11-26 03:43:18Z,2937c3dd-a3ed-42a0-4607-77f4974fbfa7,user2,user2@example.com,"Street 2, 59",DEF,CA,Canada,52673,ORD196,2023-11-19T00:01:56-05:00,Completed,99ec5f74-064a-36e4-9367-08217bc880b2,"Street 5, 330",JKL,NY,Brasil,59925,Okay,5,pix,1,7,Product7,black,Samsung,Description7,https://example.com/image7.jpg,1,Categoria1,63,415.24,2023-11-26 03:43:18Z
2023-11-30 13:51:01Z,346c56fe-6f13-a35f-b686-fd70fe39980a,user6,user6@example.com,"Street 6, 224",GHI,CA,United States,30547,ORD197,2023-11-17T18:57:55-05:00,Cancelled,2937c3dd-a3ed-42a0-4607-77f4974fbfa7,"Street 2, 59",DEF,CA,Canada,52673,Great,2,pix,3,89,Product89,blue,Apple,Description89,https://example.com/image89.jpg,1,Categoria1,74,85.23,2023-11-30 13:51:01Z
2023-11-09 09:06:39Z,b3b08fca-c21b-c8ad-f4d6-c6a56be26a24,user1,user1@example.com,"Street 1, 622",DEF,SC,Canada,72173,ORD198,2023-11-16T16:30:54-05:00,Cancelled,854a5ffd-649b-aef7-3a81-7a0eb5ac671e,"Street 10, 937",ABC,NY,Canada,65890,Bom,3,pix,3,121,Product121,black,Google,Description121,https://example.com/image121.jpg,1,Categoria1,8,155.45,2023-11-09 09:06:39Z
2023-11-07 10:05:14Z,3e9cf4eb-21c3-7b92-f7eb-3dccfb6a553d,user3,user3@example.com,"Street 3, 55",GHI,NY,Canada,27498,ORD199,2023-11-20T06:40:57-05:00,Cancelled,2937c3dd-a3ed-42a0-4607-77f4974fbfa7,"Street 2, 59",DEF,CA,Canada,52673,Terrible,3,pix,4,109,Product109,black,Google,Description109,https://example.com/image109.jpg,1,Categoria1,23,459.52,2023-11-07 10:05:14Z
2023-11-17 00:58:53Z,9641756c-3f37-67de-d4b4-a56c647ccb22,user9,user9@example.com,"Street 9, 953",JKL,TX,United States,72797,ORD200,2023-11-05T13:03:25-05:00,Pending,3e9cf4eb-21c3-7b92-f7eb-3dccfb6a553d,"Street 3, 55",GHI,NY,Canada,27498,Bom,2,cash,1,107,Product107,red,Google,Description107,https://example.com/image107.jpg,1,Categoria1,7,273.72,2023-11-17 00:58:53Z
2023-11-17 20:37:31Z,2937c3dd-a3ed-42a0-4607-77f4974fbfa7,user2,user2@example.com,"Street 2, 59",DEF,CA,Canada,52673,ORD201,2023-11-17T03:26:39-05:00,Pending,b3b08fca-c21b-c8ad-f4d6-c6a56be26a24,"Street 1, 622",DEF,SC,Canada,72173,Terrible,1,credit,5,61,Product61,blue,Apple,Description61,https://example.com/image61.jpg,1,Categoria1,82,184.1,2023-11-17 20:37:31Z
2023-11-27 03:03:23Z,b3b08fca-c21b-c8ad-f4d6-c6a56be26a24,user1,user1@example.com,"Street 1, 622",DEF,SC,Canada,72173,ORD202,2023-11-17T23:39:51-05:00,Pending,99ec5f74-064a-36e4-9367-08217bc880b2,"Street 5, 330",JKL,NY,Brasil,59925,Bom,1,pix,5,15,Product15,white,Samsung,Description15,https://example.com/image15.jpg,1,Categoria1,48,168.18,2023-11-27 03:03:23Z
2023-11-16 07:55:53Z,854a5ffd-649b-aef7-3a81-7a0eb5ac671e,user10,user10@example.com,"Street 10, 937",ABC,NY,Canada,65890,ORD203,2023-11-16T18:52:04-05:00,Completed,d5ef2718-16f7-b5cd-44b3-7f717e6c78fd,"Street 12, 653",ABC,SC,United States,13469,Bom,1,pix,3,100,Product100,green,Apple,Description100,https://example.com/image100.jpg,1,Categoria1,41,400.4,2023-11-16 07:55:53Z
2023-11-02 17:36:18Z,9641756c-3f37-67de-d4b4-a56c647ccb22,user9,user9@example.com,"Street 9, 953",JKL,TX,United States,72797,ORD204,2023-11-24T22:49:45-05:00,Completed,99ec5f74-064a-36e4-9367-08217bc880b2,"Street 5, 330",JKL,NY,Brasil,59925,Okay,1,cash,5,90,Product90,black,Microsoft,Description90,https://example.com/image90.jpg,1,Categoria1,65,401.58,2023-11-02 17:36:18Z
2023-11-30 16:30:18Z,2937c3dd-a3ed-42a0-4607-77f4974fbfa7,user2,user2@example.com,"Street 2, 59",DEF,CA,Canada,52673,ORD205,2023-11-20T22:13:09-05:00,Cancelled,b3b08fca-c21b-c8ad-f4d6-c6a56be26a24,"Street 1, 622",DEF,SC,Canada,72173,Great,3,debit,1,47,Product47,red,Apple,Description47,https://example.com/image47.jpg,1,Categoria1,59,207.09,2023-11-30 16:30:18Z
2023-11-16 09:02:23Z,d5ef2718-16f7-b5cd-44b3-7f717e6c78fd,user12,user12@example.com,"Street 12, 653",ABC,SC,United States,13469,ORD206,2023-11-23T20:08:33-05:00,Completed,99ec5f74-064a-36e4-9367-08217bc880b2,"Street 5, 330",JKL,NY,Brasil,59925,Bad,2,cash,4,54,Product54,green,Google,Description54,https://example.com/image54.jpg,1,Categoria1,51,91.32,2023-11-16 09:02:23Z
2023-11-26 23:19:17Z,c257e962-53a6-4d22-9a55-30569f5133b8,user7,user7@example.com,"Street 7, 272",JKL,TX,Canada,23454,ORD207,2023-11-21T22:21:31-05:00,Pending,99ec5f74-064a-36e4-9367-08217bc880b2,"Street 5, 330",JKL,NY,Brasil,59925,Terrible,2,cash,1,41,Product41,white,Microsoft,Description41,https://example.com/image41.jpg,1,Categoria1,24,401.12,2023-11-26 23:19:17Z
2023-11-25 07:12:11Z,346c56fe-6f13-a35f-b686-fd70fe39980a,user6,user6@example.com,"Street 6, 224",GHI,CA,United States,30547,ORD208,2023-11-25T20:15:04-05:00,Completed,854a5ffd-649b-aef7-3a81-7a0eb5ac671e,"Street 10, 937",ABC,NY,Canada,65890,Terrible,3,credit,1,59,Product59,red,Microsoft,Description59,https://example.com/image59.jpg,1,Categoria1,39,87.84,2023-11-25 07:12:11Z
2023-11-16 11:35:32Z,9641756c-3f37-67de-d4b4-a56c647ccb22,user9,user9@example.com,"Street 9, 953",JKL,TX,United States,72797,ORD209,2023-11-26T16:21:54-05:00,Cancelled,0eb8c406-21cd-1d92-70e0-b1279008a12f,"Street 11, 853",ABC,TX,United States,32400,Terrible,3,credit,1,50,Product50,white,Microsoft,Description50,https://example.com/image50.jpg,1,Categoria1,60,392.93,2023-11-16 11:35:32Z
2023-11-23 16:14:08Z,e64773a8-b11e-d252-aed3-ae60b9d77a81,user4,user4@example.com,"Street 4, 683",JKL,CA,Brasil,14193,ORD210,2023-11-02T22:31:15-05:00,Cancelled,2937c3dd-a3ed-42a0-4607-77f4974fbfa7,"Street 2, 59",DEF,CA,Canada,52673,Bom,3,pix,2,98,Product98,white,Apple,Description98,https://example.com/image98.jpg,1,Categoria1,19,88.11,2023-11-23 16:14:08Z
2023-11-30 23:45:23Z,2937c3dd-a3ed-42a0-4607-77f4974fbfa7,user2,user2@example.com,"Street 2, 59",DEF,CA,Canada,52673,ORD211,2023-11-27T21:29:34-05:00,Pending,e64773a8-b11e-d252-aed3-ae60b9d77a81,"Street 4, 683",JKL,CA,Brasil,14193,Okay,5,credit,4,104,Product104,red,Google,Description104,https://example.com/image104.jpg,1,Categoria1,62,462.31,2023-11-30 23:45:23Z
2023-11-18 08:48:36Z,2937c3dd-a3ed-42a0-4607-77f4974fbfa7,user2,user2@example.com,"Street 2, 59",DEF,CA,Canada,52673,ORD212,2023-11-29T22:44:59-05:00,Cancelled,854a5ffd-649b-aef7-3a81-7a0eb5ac671e,"Street 10, 937",ABC,NY,Canada,65890,Okay,5,cash,4,55,Product55,black,Sony,Description55,https://example.com/image55.jpg,1,Categoria1,54,454.47,2023-11-18 08:48:36Z
2023-11-17 02:30:10Z,854a5ffd-649b-aef7-3a81-7a0eb5ac671e,user10,user10@example.com,"Street 10, 937",ABC,NY,Canada,65890,ORD213,2023-11-08T21:32:31-05:00,Cancelled,346c56fe-6f13-a35f-b686-fd70fe39980a,"Street 6, 224",GHI,CA,United States,30547,Terrible,4,pix,5,4,Product4,red,Apple,Description4,https://example.com/image4.jpg,1,Categoria1,17,118.4,2023-11-17 02:30:10Z
2023-11-22 23:41:53Z,f200c2e4-9923-386d-f9a8-e30e0f1c0022,user8,user8@example.com,"Street 8, 566",ABC,CA,Brasil,55549,ORD214,2023-11-30T22:45:52-05:00,Completed,9641756c-3f37-67de-d4b4-a56c647ccb22,"Street 9, 953",JKL,TX,United States,72797,Bom,2,cash,5,17,Product17,black,Apple,Description17,https://example.com/image17.jpg,1,Categoria1,48,403.67,2023-11-22 23:41:53Z
2023-11-29 02:59:27Z,2937c3dd-a3ed-42a0-4607-77f4974fbfa7,user2,user2@example.com,"Street 2, 59",DEF,CA,Canada,52673,ORD215,2023-11-02T19:37:25-05:00,Completed,d5ef2718-16f7-b5cd-44b3-7f717e6c78fd,"Street 12, 653",ABC,SC,United States,13469,Bad,1,pix,1,21,Product21,black,Google,Description21,https://example.com/image21.jpg,1,Categoria1,10,286.71,2023-11-29 02:59:27Z
2023-11-04 19:22:28Z,3e9cf4eb-21c3-7b92-f7eb-3dccfb6a553d,user3,user3@example.com,"Street 3, 55",GHI,NY,Canada,27498,ORD216,2023-11-29T22:08:54-05:00,Cancelled,99ec5f74-064a-36e4-9367-08217bc880b2,"Street 5, 330",JKL,NY,Brasil,59925,Okay,3,pix,4,101,Product101,red,Samsung,Description101,https://example.com/image101.jpg,1,Categoria1,40,201.37,2023-11-04 19:22:28Z
2023-11-16 08:24:22Z,854a5ffd-649b-aef7-3a81-7a0eb5ac671e,user10,user10@example.com,"Street 10, 937",ABC,NY,Canada,65890,ORD217,2023-11-08T02:32:46-05:00,Cancelled,e64773a8-b11e-d252-aed3-ae60b9d77a81,"Street 4, 683",JKL,CA,Brasil,14193,Okay,1,pix,2,22,Product22,blue,Google,Description22,https://example.com/image22.jpg,1,Categoria1,40,125.63,2023-11-16 08:24:22Z
2023-11-04 06:44:00Z,f200c2e4-9923-386d-f9a8-e30e0f1c0022,user8,user8@example.com,"Street 8, 566",ABC,CA,Brasil,55549,ORD218,2023-11-14T07:07:37-05:00,Pending,f200c2e4-9923-386d-f9a8-e30e0f1c0022,"Street 8, 566",ABC,CA,Brasil,55549,Great,2,credit,3,48,Product48,white,Apple,Description48,https://example.com/image48.jpg,1,Categoria1,65,110.15,2023-11-04 06:44:00Z
2023-11-18 11:28:24Z,2937c3dd-a3ed-42a0-4607-77f4974fbfa7,user2,user2@example.com,"Street 2, 59",DEF,CA,Canada,52673,ORD219,2023-11-13T16:37:06-05:00,Completed,d5ef2718-16f7-b5cd-44b3-7f717e6c78fd,"Street 12, 653",ABC,SC,United States,13469,Bad,3,cash,3,89,Product89,blue,Apple,Description89,https://example.com/image89.jpg,1,Categoria1,74,85.23,2023-11-18 11:28:24Z
2023-11-29 04:58:31Z,346c56fe-6f13-a35f-b686-fd70fe39980a,user6,user6@example.com,"Street 6, 224",GHI,CA,United States,30547,ORD220,2023-11-25T21:05:14-05:00,Completed,99ec5f74-064a-36e4-9367-08217bc880b2,"Street 5, 330",JKL,NY,Brasil,59925,Great,5,cash,2,52,Product52,green,Samsung,Description52,https://example.com/image52.jpg,1,Categoria1,73,262.99,2023-11-29 04:58:31Z
2023-11-30 15:59:52Z,99ec5f74-064a-36e4-9367-08217bc880b2,user5,user5@example.com,"Street 5, 330",JKL,NY,Brasil,59925,ORD221,2023-11-22T02:55:36-05:00,Cancelled,c257e962-53a6-4d22-9a55-30569f5133b8,"Street 7, 272",JKL,TX,Canada,23454,Great,1,credit,5,28,Product28,white,Sony,Description28,https://example.com/image28.jpg,1,Categoria1,77,213.05,2023-11-30 15:59:52Z
2023-11-23 08:44:35Z,346c56fe-6f13-a35f-b686-fd70fe39980a,user6,user6@example.com,"Street 6, 224",GHI,CA,United States,30547,ORD222,2023-11-09T08:57:37-05:00,Completed,0eb8c406-21cd-1d92-70e0-b1279008a12f,"Street 11, 853",ABC,TX,United States,32400,Okay,1,cash,1,121,Product121,black,Google,Description121,https://example.com/image121.jpg,1,Categoria1,8,155.45,2023-11-23 08:44:35Z
2023-11-17 07:40:36Z,9641756c-3f37-67de-d4b4-a56c647ccb22,user9,user9@example.com,"Street 9, 953",JKL,TX,United States,72797,ORD223,2023-11-27T18:13:23-05:00,Pending,9641756c-3f37-67de-d4b4-a56c647ccb22,"Street 9, 953",JKL,TX,United States,72797,Bom,3,credit,3,83,Product83,blue,Microsoft,Description83,https://example.com/image83.jpg,1,Categoria1,74,218.04,2023-11-17 07:40:36Z
2023-11-15 07:38:08Z,3e9cf4eb-21c3-7b92-f7eb-3dccfb6a553d,user3,user3@example.com,"Street 3, 55",GHI,NY,Canada,27498,ORD224,2023-11-08T13:22:09-05:00,Completed,2937c3dd-a3ed-42a0-4607-77f4974fbfa7,"Street 2, 59",DEF,CA,Canada,52673,Terrible,1,credit,1,52,Product52,green,Samsung,Description52,https://example.com/image52.jpg,1,Categoria1,73,262.99,2023-11-15 07:38:08Z
2023-11-05 09:11:20Z,c257e962-53a6-4d22-9a55-30569f5133b8,user7,user7@example.com,"Street 7, 272",JKL,TX,Canada,23454,ORD225,2023-11-07T11:54:18-05:00,Pending,9641756c-3f37-67de-d4b4-a56c647ccb22,"Street 9, 953",JKL,TX,United States,72797,Terrible,4,cash,1,75,Product75,blue,Google,Description75,https://example.com/image75.jpg,1,Categoria1,29,135.62,2023-11-05 09:11:20Z
2023-11-01 08:39:27Z,2937c3dd-a3ed-42a0-4607-77f4974fbfa7,user2,user2@example.com,"Street 2, 59",DEF,CA,Canada,52673,ORD226,2023-11-28T07:06:07-05:00,Completed,346c56fe-6f13-a35f-b686-fd70fe39980a,"Street 6, 224",GHI,CA,United States,30547,Terrible,1,debit,4,72,Product72,blue,Microsoft,Description72,https://example.com/image72.jpg,1,Categoria1,34,152.17,2023-11-01 08:39:27Z
2023-11-11 15:31:41Z,c257e962-53a6-4d22-9a55-30569f5133b8,user7,user7@example.com,"Street 7, 272",JKL,TX,Canada,23454,ORD227,2023-11-22T05:09:15-05:00,Completed,d5ef2718-16f7-b5cd-44b3-7f717e6c78fd,"Street 12, 653",ABC,SC,United States,13469,Terrible,4,cash,5,31,Product31,blue,Google,Description31,https://example.com/image31.jpg,1,Categoria1,46,492.71,2023-11-11 15:31:41Z
2023-11-22 04:56:43Z,854a5ffd-649b-aef7-3a81-7a0eb5ac671e,user10,user10@example.com,"Street 10, 937",ABC,NY,Canada,65890,ORD228,2023-11-11T17:01:41-05:00,Cancelled,f200c2e4-9923-386d-f9a8-e30e0f1c0022,"Street 8, 566",ABC,CA,Brasil,55549,Okay,5,cash,4,14,Product14,white,Apple,Description14,https://example.com/image14.jpg,1,Categoria1,24,195.61,2023-11-22 04:56:43Z
2023-11-08 21:37:10Z,d5ef2718-16f7-b5cd-44b3-7f717e6c78fd,user12,user12@example.com,"Street 12, 653",ABC,SC,United States,13469,ORD229,2023-11-05T13:01:09-05:00,Completed,c257e962-53a6-4d22-9a55-30569f5133b8,"Street 7, 272",JKL,TX,Canada,23454,Great,1,cash,2,86,Product86,red,Sony,Description86,https://example.com/image86.jpg,1,Categoria1,22,473.77,2023-11-08 21:37:10Z
2023-11-27 16:43:22Z,b3b08fca-c21b-c8ad-f4d6-c6a56be26a24,user1,user1@example.com,"Street 1, 622",DEF,SC,Canada,72173,ORD230,2023-11-17T22:52:46-05:00,Completed,b3b08fca-c21b-c8ad-f4d6-c6a56be26a24,"Street 1, 622",DEF,SC,Canada,72173,Terrible,2,credit,1,84,Product84,black,Apple,Description84,https://example.com/image84.jpg,1,Categoria1,0,459.92,2023-11-27 16:43:22Z
2023-11-09 11:22:19Z,c257e962-53a6-4d22-9a55-30569f5133b8,user7,user7@example.com,"Street 7, 272",JKL,TX,Canada,23454,ORD231,2023-11-04T20:40:46-05:00,Pending,f200c2e4-9923-386d-f9a8-e30e0f1c0022,"Street 8, 566",ABC,CA,Brasil,55549,Bom,4,cash,5,28,Product28,white,Sony,Description28,https://example.com/image28.jpg,1,Categoria1,77,213.05,2023-11-09 11:22:19Z
2023-11-04 03:09:49Z,3e9cf4eb-21c3-7b92-f7eb-3dccfb6a553d,user3,user3@example.com,"Street 3, 55",GHI,NY,Canada,27498,ORD232,2023-11-20T22:39:20-05:00,Cancelled,99ec5f74-064a-36e4-9367-08217bc880b2,"Street 5, 330",JKL,NY,Brasil,59925,Terrible,5,cash,5,75,Product75,blue,Google,Description75,https://example.com/image75.jpg,1,Categoria1,29,135.62,2023-11-04 03:09:49Z
2023-11-13 07:39:24Z,e64773a8-b11e-d252-aed3-ae60b9d77a81,user4,user4@example.com,"Street 4, 683",JKL,CA,Brasil,14193,ORD233,2023-11-28T01:04:38-05:00,Cancelled,d5ef2718-16f7-b5cd-44b3-7f717e6c78fd,"Street 12, 653",ABC,SC,United States,13469,Bad,4,debit,2,33,Product33,blue,Google,Description33,https://example.com/image33.jpg,1,Categoria1,9,21.67,2023-11-13 07:39:24Z
2023-11-11 07:51:45Z,0eb8c406-21cd-1d92-70e0-b1279008a12f,user11,user11@example.com,"Street 11, 853",ABC,TX,United States,32400,ORD234,2023-11-11T06:00:44-05:00,Completed,0eb8c406-21cd-1d92-70e0-b1279008a12f,"Street 11, 853",ABC,TX,United States,32400,Bom,4,credit,3,68,Product68,black,Google,Description68,https://example.com/image68.jpg,1,Categoria1,24,74.71,2023-11-11 07:51:45Z
2023-11-25 14:35:49Z,e64773a8-b11e-d252-aed3-ae60b9d77a81,user4,user4@example.com,"Street 4, 683",JKL,CA,Brasil,14193,ORD235,2023-11-01T14:08:53-05:00,Completed,d5ef2718-16f7-b5cd-44b3-7f717e6c78fd,"Street 12, 653",ABC,SC,United States,13469,Great,3,credit,5,29,Product29,red,Sony,Description29,https://example.com/image29.jpg,1,Categoria1,87,85.22,2023-11-25 14:35:49Z
2023-11-05 13:26:02Z,854a5ffd-649b-aef7-3a81-7a0eb5ac671e,user10,user10@example.com,"Street 10, 937",ABC,NY,Canada,65890,ORD236,2023-11-06T00:06:43-05:00,Completed,346c56fe-6f13-a35f-b686-fd70fe39980a,"Street 6, 224",GHI,CA,United States,30547,Okay,4,debit,4,62,Product62,green,Sony,Description62,https://example.com/image62.jpg,1,Categoria1,44,8.83,2023-11-05 13:26:02Z
2023-11-23 01:49:29Z,d5ef2718-16f7-b5cd-44b3-7f717e6c78fd,user12,user12@example.com,"Street 12, 653",ABC,SC,United States,13469,ORD237,2023-11-12T16:38:46-05:00,Completed,3e9cf4eb-21c3-7b92-f7eb-3dccfb6a553d,"Street 3, 55",GHI,NY,Canada,27498,Bad,2,pix,2,52,Product52,green,Samsung,Description52,https://example.com/image52.jpg,1,Categoria1,73,262.99,2023-11-23 01:49:29Z
2023-11-17 20:26:35Z,2937c3dd-a3ed-42a0-4607-77f4974fbfa7,user2,user2@example.com,"Street 2, 59",DEF,CA,Canada,52673,ORD238,2023-11-02T02:24:12-05:00,Pending,9641756c-3f37-67de-d4b4-a56c647ccb22,"Street 9, 953",JKL,TX,United States,72797,Okay,3,debit,5,67,Product67,blue,Samsung,Description67,https://example.com/image67.jpg,1,Categoria1,51,218.47,2023-11-17 20:26:35Z
2023-11-20 07:34:50Z,99ec5f74-064a-36e4-9367-08217bc880b2,user5,user5@example.com,"Street 5, 330",JKL,NY,Brasil,59925,ORD239,2023-11-19T17:01:42-05:00,Completed,c257e962-53a6-4d22-9a55-30569f5133b8,"Street 7, 272",JKL,TX,Canada,23454,Okay,3,debit,2,97,Product97,red,Samsung,Description97,https://example.com/image97.jpg,1,Categoria1,60,398.37,2023-11-20 07:34:50Z
2023-11-12 21:10:46Z,e64773a8-b11e-d252-aed3-ae60b9d77a81,user4,user4@example.com,"Street 4, 683",JKL,CA,Brasil,14193,ORD240,2023-11-04T11:13:52-05:00,Pending,854a5ffd-649b-aef7-3a81-7a0eb5ac671e,"Street 10, 937",ABC,NY,Canada,65890,Terrible,2,cash,1,19,Product19,green,Samsung,Description19,https://example.com/image19.jpg,1,Categoria1,57,116.33,2023-11-12 21:10:46Z
2023-11-19 14:39:23Z,0eb8c406-21cd-1d92-70e0-b1279008a12f,user11,user11@example.com,"Street 11, 853",ABC,TX,United States,32400,ORD241,2023-11-21T16:11:23-05:00,Pending,346c56fe-6f13-a35f-b686-fd70fe39980a,"Street 6, 224",GHI,CA,United States,30547,Okay,2,cash,3,98,Product98,white,Apple,Description98,https://example.com/image98.jpg,1,Categoria1,19,88.11,2023-11-19 14:39:23Z
2023-11-30 21:57:52Z,b3b08fca-c21b-c8ad-f4d6-c6a56be26a24,user1,user1@example.com,"Street 1, 622",DEF,SC,Canada,72173,ORD242,2023-11-30T19:56:03-05:00,Pending,0eb8c406-21cd-1d92-70e0-b1279008a12f,"Street 11, 853",ABC,TX,United States,32400,Okay,2,debit,5,66,Product66,blue,Apple,Description66,https://example.com/image66.jpg,1,Categoria1,27,159.45,2023-11-30 21:57:52Z
2023-11-09 06:37:49Z,9641756c-3f37-67de-d4b4-a56c647ccb22,user9,user9@example.com,"Street 9, 953",JKL,TX,United States,72797,ORD243,2023-11-24T03:13:53-05:00,Cancelled,e64773a8-b11e-d252-aed3-ae60b9d77a81,"Street 4, 683",JKL,CA,Brasil,14193,Bom,2,credit,3,67,Product67,blue,Samsung,Description67,https://example.com/image67.jpg,1,Categoria1,51,218.47,2023-11-09 06:37:49Z
2023-11-20 12:05:49Z,346c56fe-6f13-a35f-b686-fd70fe39980a,user6,user6@example.com,"Street 6, 224",GHI,CA,United States,30547,ORD244,2023-11-02T11:50:01-05:00,Cancelled,854a5ffd-649b-aef7-3a81-7a0eb5ac671e,"Street 10, 937",ABC,NY,Canada,65890,Great,1,pix,4,100,Product100,green,Apple,Description100,https://example.com/image100.jpg,1,Categoria1,41,400.4,2023-11-20 12:05:49Z
2023-11-03 12:25:19Z,d5ef2718-16f7-b5cd-44b3-7f717e6c78fd,user12,user12@example.com,"Street 12, 653",ABC,SC,United States,13469,ORD245,2023-11-13T08:14:56-05:00,Pending,b3b08fca-c21b-c8ad-f4d6-c6a56be26a24,"Street 1, 622",DEF,SC,Canada,72173,Bad,1,credit,2,55,Product55,black,Sony,Description55,https://example.com/image55.jpg,1,Categoria1,54,454.47,2023-11-03 12:25:19Z
2023-11-23 09:03:01Z,3e9cf4eb-21c3-7b92-f7eb-3dccfb6a553d,user3,user3@example.com,"Street 3, 55",GHI,NY,Canada,27498,ORD246,2023-11-10T17:03:32-05:00,Completed,99ec5f74-064a-36e4-9367-08217bc880b2,"Street 5, 330",JKL,NY,Brasil,59925,Bom,4,pix,2,30,Product30,blue,Samsung,Description30,https://example.com/image30.jpg,1,Categoria1,67,446.98,2023-11-23 09:03:01Z
2023-11-30 06:43:46Z,0eb8c406-21cd-1d92-70e0-b1279008a12f,user11,user11@example.com,"Street 11, 853",ABC,TX,United States,32400,ORD247,2023-11-04T10:31:46-05:00,Completed,3e9cf4eb-21c3-7b92-f7eb-3dccfb6a553d,"Street 3, 55",GHI,NY,Canada,27498,Terrible,3,credit,1,59,Product59,red,Microsoft,Description59,https://example.com/image59.jpg,1,Categoria1,39,87.84,2023-11-30 06:43:46Z
2023-11-03 07:20:10Z,9641756c-3f37-67de-d4b4-a56c647ccb22,user9,user9@example.com,"Street 9, 953",JKL,TX,United States,72797,ORD248,2023-11-24T23:57:12-05:00,Completed,c257e962-53a6-4d22-9a55-30569f5133b8,"Street 7, 272",JKL,TX,Canada,23454,Okay,4,credit,4,43,Product43,white,Microsoft,Description43,https://example.com/image43.jpg,1,Categoria1,35,60.19,2023-11-03 07:20:10Z
2023-11-18 03:27:36Z,346c56fe-6f13-a35f-b686-fd70fe39980a,user6,user6@example.com,"Street 6, 224",GHI,CA,United States,30547,ORD249,2023-11-23T13:54:37-05:00,Cancelled,b3b08fca-c21b-c8ad-f4d6-c6a56be26a24,"Street 1, 622",DEF,SC,Canada,72173,Great,4,debit,4,52,Product52,green,Samsung,Description52,https://example.com/image52.jpg,1,Categoria1,73,262.99,2023-11-18 03:27:36Z
2023-11-24 22:08:28Z,b3b08fca-c21b-c8ad-f4d6-c6a56be26a24,user1,user1@example.com,"Street 1, 622",DEF,SC,Canada,72173,ORD250,2023-11-20T21:40:13-05:00,Pending,b3b08fca-c21b-c8ad-f4d6-c6a56be26a24,"Street 1, 622",DEF,SC,Canada,72173,Great,3,credit,2,38,Product38,blue,Microsoft,Description38,https://example.com/image38.jpg,1,Categoria1,95,175.81,2023-11-24 22:08:28Z
2023-11-01 18:38:52Z,3e9cf4eb-21c3-7b92-f7eb-3dccfb6a553d,user3,user3@example.com,"Street 3, 55",GHI,NY,Canada,27498,ORD251,2023-11-19T22:47:58-05:00,Cancelled,0eb8c406-21cd-1d92-70e0-b1279008a12f,"Street 11, 853",ABC,TX,United States,32400,Bad,3,credit,1,110,Product110,black,Google,Description110,https://example.com/image110.jpg,1,Categoria1,2,96.66,2023-11-01 18:38:52Z
2023-11-21 23:50:40Z,b3b08fca-c21b-c8ad-f4d6-c6a56be26a24,user1,user1@example.com,"Street 1, 622",DEF,SC,Canada,72173,ORD252,2023-11-30T02:50:22-05:00,Completed,9641756c-3f37-67de-d4b4-a56c647ccb22,"Street 9, 953",JKL,TX,United States,72797,Bom,5,credit,2,116,Product116,blue,Samsung,Description116,https://example.com/image116.jpg,1,Categoria1,59,400.03,2023-11-21 23:50:40Z
2023-11-04 02:00:27Z,99ec5f74-064a-36e4-9367-08217bc880b2,user5,user5@example.com,"Street 5, 330",JKL,NY,Brasil,59925,ORD253,2023-11-05T12:08:26-05:00,Pending,0eb8c406-21cd-1d92-70e0-b1279008a12f,"Street 11, 853",ABC,TX,United States,32400,Bom,2,cash,2,40,Product40,red,Apple,Description40,https://example.com/image40.jpg,1,Categoria1,80,20.83,2023-11-04 02:00:27Z
2023-11-18 23:53:42Z,854a5ffd-649b-aef7-3a81-7a0eb5ac671e,user10,user10@example.com,"Street 10, 937",ABC,NY,Canada,65890,ORD254,2023-11-21T11:46:27-05:00,Pending,9641756c-3f37-67de-d4b4-a56c647ccb22,"Street 9, 953",JKL,TX,United States,72797,Great,3,credit,5,23,Product23,white,Microsoft,Description23,https://example.com/image23.jpg,1,Categoria1,6,495.29,2023-11-18 23:53:42Z
2023-11-25 06:09:49Z,0eb8c406-21cd-1d92-70e0-b1279008a12f,user11,user11@example.com,"Street 11, 853",ABC,TX,United States,32400,ORD255,2023-11-02T16:23:56-05:00,Completed,854a5ffd-649b-aef7-3a81-7a0eb5ac671e,"Street 10, 937",ABC,NY,Canada,65890,Okay,1,pix,2,5,Product5,red,Microsoft,Description5,https://example.com/image5.jpg,1,Categoria1,4,198.36,2023-11-25 06:09:49Z
2023-11-18 01:48:45Z,c257e962-53a6-4d22-9a55-30569f5133b8,user7,user7@example.com,"Street 7, 272",JKL,TX,Canada,23454,ORD256,2023-11-06T22:32:13-05:00,Cancelled,c257e962-53a6-4d22-9a55-30569f5133b8,"Street 7, 272",JKL,TX,Canada,23454,Okay,4,debit,2,70,Product70,white,Samsung,Description70,https://example.com/image70.jpg,1,Categoria1,92,347.4,2023-11-18 01:48:45Z
2023-11-29 01:05:49Z,d5ef2718-16f7-b5cd-44b3-7f717e6c78fd,user12,user12@example.com,"Street 12, 653",ABC,SC,United States,13469,ORD257,2023-11-13T13:57:01-05:00,Cancelled,3e9cf4eb-21c3-7b92-f7eb-3dccfb6a553d,"Street 3, 55",GHI,NY,Canada,27498,Okay,5,pix,4,46,Product46,white,Google,Description46,https://example.com/image46.jpg,1,Categoria1,23,68.95,2023-11-29 01:05:49Z
2023-11-27 11:13:30Z,346c56fe-6f13-a35f-b686-fd70fe39980a,user6,user6@example.com,"Street 6, 224",GHI,CA,United States,30547,ORD258,2023-11-21T23:06:33-05:00,Completed,9641756c-3f37-67de-d4b4-a56c647ccb22,"Street 9, 953",JKL,TX,United States,72797,Bad,2,debit,2,108,Product108,green,Samsung,Description108,https://example.com/image108.jpg,1,Categoria1,85,224.97,2023-11-27 11:13:30Z
2023-11-25 00:37:57Z,9641756c-3f37-67de-d4b4-a56c647ccb22,user9,user9@example.com,"Street 9, 953",JKL,TX,United States,72797,ORD259,2023-11-03T16:48:00-05:00,Cancelled,d5ef2718-16f7-b5cd-44b3-7f717e6c78fd,"Street 12, 653",ABC,SC,United States,13469,Great,4,pix,4,72,Product72,blue,Microsoft,Description72,https://example.com/image72.jpg,1,Categoria1,34,152.17,2023-11-25 00:37:57Z
2023-11-09 18:51:42Z,b3b08fca-c21b-c8ad-f4d6-c6a56be26a24,user1,user1@example.com,"Street 1, 622",DEF,SC,Canada,72173,ORD260,2023-11-09T04:33:27-05:00,Completed,d5ef2718-16f7-b5cd-44b3-7f717e6c78fd,"Street 12, 653",ABC,SC,United States,13469,Terrible,2,debit,2,24,Product24,red,Samsung,Description24,https://example.com/image24.jpg,1,Categoria1,9,496.55,2023-11-09 18:51:42Z
2023-11-26 11:29:53Z,e64773a8-b11e-d252-aed3-ae60b9d77a81,user4,user4@example.com,"Street 4, 683",JKL,CA,Brasil,14193,ORD261,2023-11-29T16:55:32-05:00,Pending,854a5ffd-649b-aef7-3a81-7a0eb5ac671e,"Street 10, 937",ABC,NY,Canada,65890,Bad,1,debit,3,99,Product99,black,Google,Description99,https://example.com/image99.jpg,1,Categoria1,90,450.56,2023-11-26 11:29:53Z
2023-11-08 02:16:34Z,f200c2e4-9923-386d-f9a8-e30e0f1c0022,user8,user8@example.com,"Street 8, 566",ABC,CA,Brasil,55549,ORD262,2023-11-29T21:25:37-05:00,Completed,e64773a8-b11e-d252-aed3-ae60b9d77a81,"Street 4, 683",JKL,CA,Brasil,14193,Okay,4,cash,1,4,Product4,red,Apple,Description4,https://example.com/image4.jpg,1,Categoria1,17,118.4,2023-11-08 02:16:34Z
2023-11-24 16:28:10Z,b3b08fca-c21b-c8ad-f4d6-c6a56be26a24,user1,user1@example.com,"Street 1, 622",DEF,SC,Canada,72173,ORD263,2023-11-30T14:14:07-05:00,Pending,b3b08fca-c21b-c8ad-f4d6-c6a56be26a24,"Street 1, 622",DEF,SC,Canada,72173,Okay,2,pix,5,91,Product91,blue,Sony,Description91,https://example.com/image91.jpg,1,Categoria1,44,200.54,2023-11-24 16:28:10Z
2023-11-06 01:26:47Z,b3b08fca-c21b-c8ad-f4d6-c6a56be26a24,user1,user1@example.com,"Street 1, 622",DEF,SC,Canada,72173,ORD264,2023-11-23T13:55:00-05:00,Pending,346c56fe-6f13-a35f-b686-fd70fe39980a,"Street 6, 224",GHI,CA,United States,30547,Bad,3,cash,1,16,Product16,black,Google,Description16,https://example.com/image16.jpg,1,Categoria1,7,300.28,2023-11-06 01:26:47Z
2023-11-09 23:35:29Z,346c56fe-6f13-a35f-b686-fd70fe39980a,user6,user6@example.com,"Street 6, 224",GHI,CA,United States,30547,ORD265,2023-11-20T23:15:05-05:00,Completed,3e9cf4eb-21c3-7b92-f7eb-3dccfb6a553d,"Street 3, 55",GHI,NY,Canada,27498,Okay,5,debit,1,15,Product15,white,Samsung,Description15,https://example.com/image15.jpg,1,Categoria1,48,168.18,2023-11-09 23:35:29Z
2023-11-30 18:18:12Z,2937c3dd-a3ed-42a0-4607-77f4974fbfa7,user2,user2@example.com,"Street 2, 59",DEF,CA,Canada,52673,ORD266,2023-11-29T20:19:09-05:00,Completed,854a5ffd-649b-aef7-3a81-7a0eb5ac671e,"Street 10, 937",ABC,NY,Canada,65890,Great,2,pix,1,71,Product71,green,Sony,Description71,https://example.com/image71.jpg,1,Categoria1,11,395.55,2023-11-30 18:18:12Z
2023-11-14 10:00:39Z,b3b08fca-c21b-c8ad-f4d6-c6a56be26a24,user1,user1@example.com,"Street 1, 622",DEF,SC,Canada,72173,ORD267,2023-11-10T12:06:26-05:00,Pending,3e9cf4eb-21c3-7b92-f7eb-3dccfb6a553d,"Street 3, 55",GHI,NY,Canada,27498,Terrible,3,pix,3,30,Product30,blue,Samsung,Description30,https://example.com/image30.jpg,1,Categoria1,67,446.98,2023-11-14 10:00:39Z
2023-11-02 23:58:40Z,9641756c-3f37-67de-d4b4-a56c647ccb22,user9,user9@example.com,"Street 9, 953",JKL,TX,United States,72797,ORD268,2023-11-22T01:02:48-05:00,Pending,99ec5f74-064a-36e4-9367-08217bc880b2,"Street 5, 330",JKL,NY,Brasil,59925,Bom,4,cash,4,76,Product76,black,Google,Description76,https://example.com/image76.jpg,1,Categoria1,67,364.1,2023-11-02 23:58:40Z
2023-11-23 13:38:58Z,f200c2e4-9923-386d-f9a8-e30e0f1c0022,user8,user8@example.com,"Street 8, 566",ABC,CA,Brasil,55549,ORD269,2023-11-28T10:10:56-05:00,Completed,0eb8c406-21cd-1d92-70e0-b1279008a12f,"Street 11, 853",ABC,TX,United States,32400,Terrible,2,debit,5,22,Product22,blue,Google,Description22,https://example.com/image22.jpg,1,Categoria1,40,125.63,2023-11-23 13:38:58Z
2023-11-27 21:07:21Z,854a5ffd-649b-aef7-3a81-7a0eb5ac671e,user10,user10@example.com,"Street 10, 937",ABC,NY,Canada,65890,ORD270,2023-11-07T08:14:55-05:00,Completed,e64773a8-b11e-d252-aed3-ae60b9d77a81,"Street 4, 683",JKL,CA,Brasil,14193,Bad,4,credit,5,122,Product122,white,Sony,Description122,https://example.com/image122.jpg,1,Categoria1,74,191.98,2023-11-27 21:07:21Z
2023-11-10 12:35:58Z,2937c3dd-a3ed-42a0-4607-77f4974fbfa7,user2,user2@example.com,"Street 2, 59",DEF,CA,Canada,52673,ORD271,2023-11-06T04:11:16-05:00,Completed,2937c3dd-a3ed-42a0-4607-77f4974fbfa7,"Street 2, 59",DEF,CA,Canada,52673,Bad,4,cash,3,29,Product29,red,Sony,Description29,https://example.com/image29.jpg,1,Categoria1,87,85.22,2023-11-10 12:35:58Z
2023-11-30 05:22:52Z,3e9cf4eb-21c3-7b92-f7eb-3dccfb6a553d,user3,user3@example.com,"Street 3, 55",GHI,NY,Canada,27498,ORD272,2023-11-04T23:37:37-05:00,Cancelled,f200c2e4-9923-386d-f9a8-e30e0f1c0022,"Street 8, 566",ABC,CA,Brasil,55549,Bom,5,pix,1,69,Product69,blue,Apple,Description69,https://example.com/image69.jpg,1,Categoria1,41,86.42,2023-11-30 05:22:52Z
2023-11-08 13:46:13Z,e64773a8-b11e-d252-aed3-ae60b9d77a81,user4,user4@example.com,"Street 4, 683",JKL,CA,Brasil,14193,ORD273,2023-11-26T09:19:42-05:00,Completed,854a5ffd-649b-aef7-3a81-7a0eb5ac671e,"Street 10, 937",ABC,NY,Canada,65890,Okay,5,pix,4,47,Product47,red,Apple,Description47,https://example.com/image47.jpg,1,Categoria1,59,207.09,2023-11-08 13:46:13Z
2023-11-03 18:19:50Z,9641756c-3f37-67de-d4b4-a56c647ccb22,user9,user9@example.com,"Street 9, 953",JKL,TX,United States,72797,ORD274,2023-11-05T09:12:45-05:00,Pending,854a5ffd-649b-aef7-3a81-7a0eb5ac671e,"Street 10, 937",ABC,NY,Canada,65890,Terrible,1,credit,3,27,Product27,white,Samsung,Description27,https://example.com/image27.jpg,1,Categoria1,49,285.41,2023-11-03 18:19:50Z
2023-11-19 17:15:44Z,0eb8c406-21cd-1d92-70e0-b1279008a12f,user11,user11@example.com,"Street 11, 853",ABC,TX,United States,32400,ORD275,2023-11-25T05:36:00-05:00,Cancelled,3e9cf4eb-21c3-7b92-f7eb-3dccfb6a553d,"Street 3, 55",GHI,NY,Canada,27498,Okay,3,pix,3,97,Product97,red,Samsung,Description97,https://example.com/image97.jpg,1,Categoria1,60,398.37,2023-11-19 17:15:44Z
2023-11-30 01:22:30Z,f200c2e4-9923-386d-f9a8-e30e0f1c0022,user8,user8@example.com,"Street 8, 566",ABC,CA,Brasil,55549,ORD276,2023-11-24T19:20:10-05:00,Completed,346c56fe-6f13-a35f-b686-fd70fe39980a,"Street 6, 224",GHI,CA,United States,30547,Bad,5,cash,3,114,Product114,black,Microsoft,Description114,https://example.com/image114.jpg,1,Categoria1,77,244.15,2023-11-30 01:22:30Z
2023-11-18 10:48:50Z,b3b08fca-c21b-c8ad-f4d6-c6a56be26a24,user1,user1@example.com,"Street 1, 622",DEF,SC,Canada,72173,ORD277,2023-11-25T22:59:26-05:00,Completed,9641756c-3f37-67de-d4b4-a56c647ccb22,"Street 9, 953",JKL,TX,United States,72797,Terrible,4,cash,1,53,Product53,white,Samsung,Description53,https://example.com/image53.jpg,1,Categoria1,93,468.97,2023-11-18 10:48:50Z
2023-11-23 03:04:23Z,99ec5f74-064a-36e4-9367-08217bc880b2,user5,user5@example.com,"Street 5, 330",JKL,NY,Brasil,59925,ORD278,2023-11-15T08:25:36-05:00,Pending,f200c2e4-9923-386d-f9a8-e30e0f1c0022,"Street 8, 566",ABC,CA,Brasil,55549,Terrible,4,credit,4,27,Product27,white,Samsung,Description27,https://example.com/image27.jpg,1,Categoria1,49,285.41,2023-11-23 03:04:23Z
2023-11-03 09:56:40Z,0eb8c406-21cd-1d92-70e0-b1279008a12f,user11,user11@example.com,"Street 11, 853",ABC,TX,United States,32400,ORD279,2023-11-05T13:34:47-05:00,Cancelled,e64773a8-b11e-d252-aed3-ae60b9d77a81,"Street 4, 683",JKL,CA,Brasil,14193,Great,3,debit,5,79,Product79,red,Samsung,Description79,https://example.com/image79.jpg,1,Categoria1,20,221.2,2023-11-03 09:56:40Z
2023-11-19 02:45:27Z,e64773a8-b11e-d252-aed3-ae60b9d77a81,user4,user4@example.com,"Street 4, 683",JKL,CA,Brasil,14193,ORD280,2023-11-11T06:49:15-05:00,Pending,d5ef2718-16f7-b5cd-44b3-7f717e6c78fd,"Street 12, 653",ABC,SC,United States,13469,Bad,5,cash,4,31,Product31,blue,Google,Description31,https://example.com/image31.jpg,1,Categoria1,46,492.71,2023-11-19 02:45:27Z
2023-11-23 20:05:20Z,9641756c-3f37-67de-d4b4-a56c647ccb22,user9,user9@example.com,"Street 9, 953",JKL,TX,United States,72797,ORD281,2023-11-01T07:05:23-05:00,Cancelled,f200c2e4-9923-386d-f9a8-e30e0f1c0022,"Street 8, 566",ABC,CA,Brasil,55549,Okay,4,debit,2,23,Product23,white,Microsoft,Description23,https://example.com/image23.jpg,1,Categoria1,6,495.29,2023-11-23 20:05:20Z
2023-11-10 19:34:32Z,f200c2e4-9923-386d-f9a8-e30e0f1c0022,user8,user8@example.com,"Street 8, 566",ABC,CA,Brasil,55549,ORD282,2023-11-25T00:00:20-05:00,Cancelled,d5ef2718-16f7-b5cd-44b3-7f717e6c78fd,"Street 12, 653",ABC,SC,United States,13469,Great,5,cash,3,46,Product46,white,Google,Description46,https://example.com/image46.jpg,1,Categoria1,23,68.95,2023-11-10 19:34:32Z
2023-11-29 17:02:27Z,3e9cf4eb-21c3-7b92-f7eb-3dccfb6a553d,user3,user3@example.com,"Street 3, 55",GHI,NY,Canada,27498,ORD283,2023-11-15T10:17:04-05:00,Cancelled,854a5ffd-649b-aef7-3a81-7a0eb5ac671e,"Street 10, 937",ABC,NY,Canada,65890,Okay,4,pix,5,74,Product74,red,Apple,Description74,https://example.com/image74.jpg,1,Categoria1,32,90.25,2023-11-29 17:02:27Z
2023-11-04 15:13:23Z,f200c2e4-9923-386d-f9a8-e30e0f1c0022,user8,user8@example.com,"Street 8, 566",ABC,CA,Brasil,55549,ORD284,2023-11-13T15:47:33-05:00,Completed,b3b08fca-c21b-c8ad-f4d6-c6a56be26a24,"Street 1, 622",DEF,SC,Canada,72173,Okay,5,pix,5,121,Product121,black,Google,Description121,https://example.com/image121.jpg,1,Categoria1,8,155.45,2023-11-04 15:13:23Z
2023-11-06 14:02:32Z,9641756c-3f37-67de-d4b4-a56c647ccb22,user9,user9@example.com,"Street 9, 953",JKL,TX,United States,72797,ORD285,2023-11-02T22:40:12-05:00,Cancelled,0eb8c406-21cd-1d92-70e0-b1279008a12f,"Street 11, 853",ABC,TX,United States,32400,Bad,3,debit,4,24,Product24,red,Samsung,Description24,https://example.com/image24.jpg,1,Categoria1,9,496.55,2023-11-06 14:02:32Z
2023-11-14 18:42:24Z,2937c3dd-a3ed-42a0-4607-77f4974fbfa7,user2,user2@example.com,"Street 2, 59",DEF,CA,Canada,52673,ORD286,2023-11-20T03:49:52-05:00,Pending,9641756c-3f37-67de-d4b4-a56c647ccb22,"Street 9, 953",JKL,TX,United States,72797,Terrible,5,cash,3,102,Product102,red,Google,Description102,https://example.com/image102.jpg,1,Categoria1,39,21.58,2023-11-14 18:42:24Z
2023-11-20 22:31:44Z,346c56fe-6f13-a35f-b686-fd70fe39980a,user6,user6@example.com,"Street 6, 224",GHI,CA,United States,30547,ORD287,2023-11-30T22:53:33-05:00,Completed,854a5ffd-649b-aef7-3a81-7a0eb5ac671e,"Street 10, 937",ABC,NY,Canada,65890,Bom,5,debit,3,31,Product31,blue,Google,Description31,https://example.com/image31.jpg,1,Categoria1,46,492.71,2023-11-20 22:31:44Z
2023-11-08 21:41:57Z,e64773a8-b11e-d252-aed3-ae60b9d77a81,user4,user4@example.com,"Street 4, 683",JKL,CA,Brasil,14193,ORD288,2023-11-02T05:16:39-05:00,Cancelled,e64773a8-b11e-d252-aed3-ae60b9d77a81,"Street 4, 683",JKL,CA,Brasil,14193,Terrible,4,pix,4,103,Product103,blue,Apple,Description103,https://example.com/image103.jpg,1,Categoria1,49,400.21,2023-11-08 21:41:57Z
2023-11-25 01:30:41Z,0eb8c406-21cd-1d92-70e0-b1279008a12f,user11,user11@example.com,"Street 11, 853",ABC,TX,United States,32400,ORD289,2023-11-29T21:28:06-05:00,Cancelled,9641756c-3f37-67de-d4b4-a56c647ccb22,"Street 9, 953",JKL,TX,United States,72797,Terrible,3,pix,3,33,Product33,blue,Google,Description33,https://example.com/image33.jpg,1,Categoria1,9,21.67,2023-11-25 01:30:41Z
2023-11-04 07:55:28Z,9641756c-3f37-67de-d4b4-a56c647ccb22,user9,user9@example.com,"Street 9, 953",JKL,TX,United States,72797,ORD290,2023-11-28T10:41:42-05:00,Cancelled,346c56fe-6f13-a35f-b686-fd70fe39980a,"Street 6, 224",GHI,CA,United States,30547,Terrible,3,credit,3,104,Product104,red,Google,Description104,https://example.com/image104.jpg,1,Categoria1,62,462.31,2023-11-04 07:55:28Z
2023-11-22 21:35:41Z,3e9cf4eb-21c3-7b92-f7eb-3dccfb6a553d,user3,user3@example.com,"Street 3, 55",GHI,NY,Canada,27498,ORD291,2023-11-25T11:09:13-05:00,Cancelled,99ec5f74-064a-36e4-9367-08217bc880b2,"Street 5, 330",JKL,NY,Brasil,59925,Bom,5,cash,5,68,Product68,black,Google,Description68,https://example.com/image68.jpg,1,Categoria1,24,74.71,2023-11-22 21:35:41Z
2023-11-09 15:58:49Z,d5ef2718-16f7-b5cd-44b3-7f717e6c78fd,user12,user12@example.com,"Street 12, 653",ABC,SC,United States,13469,ORD292,2023-11-27T14:36:43-05:00,Completed,854a5ffd-649b-aef7-3a81-7a0eb5ac671e,"Street 10, 937",ABC,NY,Canada,65890,Bom,3,credit,5,35,Product35,white,Sony,Description35,https://example.com/image35.jpg,1,Categoria1,41,444.8,2023-11-09 15:58:49Z
2023-11-06 07:42:06Z,d5ef2718-16f7-b5cd-44b3-7f717e6c78fd,user12,user12@example.com,"Street 12, 653",ABC,SC,United States,13469,ORD293,2023-11-17T09:01:16-05:00,Pending,346c56fe-6f13-a35f-b686-fd70fe39980a,"Street 6, 224",GHI,CA,United States,30547,Terrible,4,debit,4,92,Product92,green,Google,Description92,https://example.com/image92.jpg,1,Categoria1,44,128.7,2023-11-06 07:42:06Z
2023-11-29 16:12:53Z,e64773a8-b11e-d252-aed3-ae60b9d77a81,user4,user4@example.com,"Street 4, 683",JKL,CA,Brasil,14193,ORD294,2023-11-25T00:36:19-05:00,Pending,346c56fe-6f13-a35f-b686-fd70fe39980a,"Street 6, 224",GHI,CA,United States,30547,Great,4,credit,4,87,Product87,red,Apple,Description87,https://example.com/image87.jpg,1,Categoria1,52,210.36,2023-11-29 16:12:53Z
2023-11-15 17:00:18Z,0eb8c406-21cd-1d92-70e0-b1279008a12f,user11,user11@example.com,"Street 11, 853",ABC,TX,United States,32400,ORD295,2023-11-29T18:17:15-05:00,Cancelled,3e9cf4eb-21c3-7b92-f7eb-3dccfb6a553d,"Street 3, 55",GHI,NY,Canada,27498,Terrible,2,pix,5,17,Product17,black,Apple,Description17,https://example.com/image17.jpg,1,Categoria1,48,403.67,2023-11-15 17:00:18Z
2023-11-10 14:40:24Z,2937c3dd-a3ed-42a0-4607-77f4974fbfa7,user2,user2@example.com,"Street 2, 59",DEF,CA,Canada,52673,ORD296,2023-11-21T18:44:31-05:00,Completed,c257e962-53a6-4d22-9a55-30569f5133b8,"Street 7, 272",JKL,TX,Canada,23454,Great,1,debit,2,94,Product94,blue,Sony,Description94,https://example.com/image94.jpg,1,Categoria1,94,182.16,2023-11-10 14:40:24Z
2023-11-16 22:25:51Z,b3b08fca-c21b-c8ad-f4d6-c6a56be26a24,user1,user1@example.com,"Street 1, 622",DEF,SC,Canada,72173,ORD297,2023-11-30T15:33:21-05:00,Pending,e64773a8-b11e-d252-aed3-ae60b9d77a81,"Street 4, 683",JKL,CA,Brasil,14193,Terrible,5,cash,3,114,Product114,black,Microsoft,Description114,https://example.com/image114.jpg,1,Categoria1,77,244.15,2023-11-16 22:25:51Z
2023-11-02 04:38:27Z,b3b08fca-c21b-c8ad-f4d6-c6a56be26a24,user1,user1@example.com,"Street 1, 622",DEF,SC,Canada,72173,ORD298,2023-11-30T12:23:42-05:00,Pending,b3b08fca-c21b-c8ad-f4d6-c6a56be26a24,"Street 1, 622",DEF,SC,Canada,72173,Bad,2,debit,4,92,Product92,green,Google,Description92,https://example.com/image92.jpg,1,Categoria1,44,128.7,2023-11-02 04:38:27Z
2023-11-06 08:48:19Z,0eb8c406-21cd-1d92-70e0-b1279008a12f,user11,user11@example.com,"Street 11, 853",ABC,TX,United States,32400,ORD299,2023-11-04T20:12:00-05:00,Cancelled,9641756c-3f37-67de-d4b4-a56c647ccb22,"Street 9, 953",JKL,TX,United States,72797,Bom,2,credit,3,109,Product109,black,Google,Description109,https://example.com/image109.jpg,1,Categoria1,23,459.52,2023-11-06 08:48:19Z
2023-11-16 14:19:04Z,3e9cf4eb-21c3-7b92-f7eb-3dccfb6a553d,user3,user3@example.com,"Street 3, 55",GHI,NY,Canada,27498,ORD300,2023-11-08T07:50:38-05:00,Cancelled,3e9cf4eb-21c3-7b92-f7eb-3dccfb6a553d,"Street 3, 55",GHI,NY,Canada,27498,Bom,3,credit,5,16,Product16,black,Google,Description16,https://example.com/image16.jpg,1,Categoria1,7,300.28,2023-11-16 14:19:04Z
2023-11-12 07:31:16Z,0eb8c406-21cd-1d92-70e0-b1279008a12f,user11,user11@example.com,"Street 11, 853",ABC,TX,United States,32400,ORD301,2023-11-03T21:27:22-05:00,Cancelled,2937c3dd-a3ed-42a0-4607-77f4974fbfa7,"Street 2, 59",DEF,CA,Canada,52673,Bad,5,credit,4,110,Product110,black,Google,Description110,https://example.com/image110.jpg,1,Categoria1,2,96.66,2023-11-12 07:31:16Z
2023-11-15 13:07:51Z,b3b08fca-c21b-c8ad-f4d6-c6a56be26a24,user1,user1@example.com,"Street 1, 622",DEF,SC,Canada,72173,ORD302,2023-11-27T06:43:03-05:00,Cancelled,346c56fe-6f13-a35f-b686-fd70fe39980a,"Street 6, 224",GHI,CA,United States,30547,Okay,1,cash,5,59,Product59,red,Microsoft,Description59,https://example.com/image59.jpg,1,Categoria1,39,87.84,2023-11-15 13:07:51Z
2023-11-10 20:47:26Z,c257e962-53a6-4d22-9a55-30569f5133b8,user7,user7@example.com,"Street 7, 272",JKL,TX,Canada,23454,ORD303,2023-11-30T13:29:21-05:00,Pending,e64773a8-b11e-d252-aed3-ae60b9d77a81,"Street 4, 683",JKL,CA,Brasil,14193,Okay,4,credit,1,70,Product70,white,Samsung,Description70,https://example.com/image70.jpg,1,Categoria1,92,347.4,2023-11-10 20:47:26Z
2023-11-26 23:02:07Z,e64773a8-b11e-d252-aed3-ae60b9d77a81,user4,user4@example.com,"Street 4, 683",JKL,CA,Brasil,14193,ORD304,2023-11-04T18:23:43-05:00,Pending,f200c2e4-9923-386d-f9a8-e30e0f1c0022,"Street 8, 566",ABC,CA,Brasil,55549,Bad,2,debit,4,49,Product49,blue,Google,Description49,https://example.com/image49.jpg,1,Categoria1,0,309.02,2023-11-26 23:02:07Z
2023-11-12 03:04:07Z,9641756c-3f37-67de-d4b4-a56c647ccb22,user9,user9@example.com,"Street 9, 953",JKL,TX,United States,72797,ORD305,2023-11-20T01:15:10-05:00,Cancelled,99ec5f74-064a-36e4-9367-08217bc880b2,"Street 5, 330",JKL,NY,Brasil,59925,Great,2,credit,5,42,Product42,green,Samsung,Description42,https://example.com/image42.jpg,1,Categoria1,25,204.83,2023-11-12 03:04:07Z
2023-11-14 11:29:01Z,99ec5f74-064a-36e4-9367-08217bc880b2,user5,user5@example.com,"Street 5, 330",JKL,NY,Brasil,59925,ORD306,2023-11-30T23:29:24-05:00,Pending,99ec5f74-064a-36e4-9367-08217bc880b2,"Street 5, 330",JKL,NY,Brasil,59925,Okay,5,debit,4,104,Product104,red,Google,Description104,https://example.com/image104.jpg,1,Categoria1,62,462.31,2023-11-14 11:29:01Z
2023-11-16 10:58:13Z,c257e962-53a6-4d22-9a55-30569f5133b8,user7,user7@example.com,"Street 7, 272",JKL,TX,Canada,23454,ORD307,2023-11-09T16:00:25-05:00,Cancelled,f200c2e4-9923-386d-f9a8-e30e0f1c0022,"Street 8, 566",ABC,CA,Brasil,55549,Okay,2,debit,2,115,Product115,blue,Microsoft,Description115,https://example.com/image115.jpg,1,Categoria1,39,313.25,2023-11-16 10:58:13Z
2023-11-30 22:54:36Z,e64773a8-b11e-d252-aed3-ae60b9d77a81,user4,user4@example.com,"Street 4, 683",JKL,CA,Brasil,14193,ORD308,2023-11-08T06:57:06-05:00,Cancelled,e64773a8-b11e-d252-aed3-ae60b9d77a81,"Street 4, 683",JKL,CA,Brasil,14193,Great,3,credit,4,37,Product37,black,Samsung,Description37,https://example.com/image37.jpg,1,Categoria1,23,16.05,2023-11-30 22:54:36Z
2023-11-04 02:46:22Z,0eb8c406-21cd-1d92-70e0-b1279008a12f,user11,user11@example.com,"Street 11, 853",ABC,TX,United States,32400,ORD309,2023-11-14T04:25:48-05:00,Cancelled,d5ef2718-16f7-b5cd-44b3-7f717e6c78fd,"Street 12, 653",ABC,SC,United States,13469,Great,5,credit,3,26,Product26,green,Microsoft,Description26,https://example.com/image26.jpg,1,Categoria1,100,452.64,2023-11-04 02:46:22Z
2023-11-04 15:22:14Z,c257e962-53a6-4d22-9a55-30569f5133b8,user7,user7@example.com,"Street 7, 272",JKL,TX,Canada,23454,ORD310,2023-11-01T16:39:29-05:00,Cancelled,d5ef2718-16f7-b5cd-44b3-7f717e6c78fd,"Street 12, 653",ABC,SC,United States,13469,Bad,1,cash,4,1,Product1,black,Google,Description1,https://example.com/image1.jpg,1,Categoria1,57,486.23,2023-11-04 15:22:14Z
2023-11-15 02:15:24Z,2937c3dd-a3ed-42a0-4607-77f4974fbfa7,user2,user2@example.com,"Street 2, 59",DEF,CA,Canada,52673,ORD311,2023-11-04T02:53:26-05:00,Cancelled,0eb8c406-21cd-1d92-70e0-b1279008a12f,"Street 11, 853",ABC,TX,United States,32400,Great,5,pix,5,30,Product30,blue,Samsung,Description30,https://example.com/image30.jpg,1,Categoria1,67,446.98,2023-11-15 02:15:24Z
2023-11-09 23:44:10Z,0eb8c406-21cd-1d92-70e0-b1279008a12f,user11,user11@example.com,"Street 11, 853",ABC,TX,United States,32400,ORD312,2023-11-03T07:40:26-05:00,Completed,9641756c-3f37-67de-d4b4-a56c647ccb22,"Street 9, 953",JKL,TX,United States,72797,Okay,3,pix,5,5,Product5,red,Microsoft,Description5,https://example.com/image5.jpg,1,Categoria1,4,198.36,2023-11-09 23:44:10Z
2023-11-17 15:13:50Z,99ec5f74-064a-36e4-9367-08217bc880b2,user5,user5@example.com,"Street 5, 330",JKL,NY,Brasil,59925,ORD313,2023-11-11T17:39:23-05:00,Pending,2937c3dd-a3ed-42a0-4607-77f4974fbfa7,"Street 2, 59",DEF,CA,Canada,52673,Bad,1,pix,5,116,Product116,blue,Samsung,Description116,https://example.com/image116.jpg,1,Categoria1,59,400.03,2023-11-17 15:13:50Z
2023-11-28 07:51:45Z,854a5ffd-649b-aef7-3a81-7a0eb5ac671e,user10,user10@example.com,"Street 10, 937",ABC,NY,Canada,65890,ORD314,2023-11-13T11:32:00-05:00,Completed,d5ef2718-16f7-b5cd-44b3-7f717e6c78fd,"Street 12, 653",ABC,SC,United States,13469,Terrible,3,pix,5,66,Product66,blue,Apple,Description66,https://example.com/image66.jpg,1,Categoria1,27,159.45,2023-11-28 07:51:45Z
2023-11-07 15:08:36Z,854a5ffd-649b-aef7-3a81-7a0eb5ac671e,user10,user10@example.com,"Street 10, 937",ABC,NY,Canada,65890,ORD315,2023-11-23T15:46:51-05:00,Cancelled,c257e962-53a6-4d22-9a55-30569f5133b8,"Street 7, 272",JKL,TX,Canada,23454,Bad,5,pix,4,26,Product26,green,Microsoft,Description26,https://example.com/image26.jpg,1,Categoria1,100,452.64,2023-11-07 15:08:36Z
2023-11-25 20:35:58Z,99ec5f74-064a-36e4-9367-08217bc880b2,user5,user5@example.com,"Street 5, 330",JKL,NY,Brasil,59925,ORD316,2023-11-18T13:18:06-05:00,Pending,e64773a8-b11e-d252-aed3-ae60b9d77a81,"Street 4, 683",JKL,CA,Brasil,14193,Bad,3,cash,5,85,Product85,blue,Sony,Description85,https://example.com/image85.jpg,1,Categoria1,62,459.74,2023-11-25 20:35:58Z
2023-11-23 12:03:43Z,346c56fe-6f13-a35f-b686-fd70fe39980a,user6,user6@example.com,"Street 6, 224",GHI,CA,United States,30547,ORD317,2023-11-26T09:10:25-05:00,Completed,9641756c-3f37-67de-d4b4-a56c647ccb22,"Street 9, 953",JKL,TX,United States,72797,Okay,2,credit,3,66,Product66,blue,Apple,Description66,https://example.com/image66.jpg,1,Categoria1,27,159.45,2023-11-23 12:03:43Z
2023-11-29 11:43:06Z,d5ef2718-16f7-b5cd-44b3-7f717e6c78fd,user12,user12@example.com,"Street 12, 653",ABC,SC,United States,13469,ORD318,2023-11-15T02:00:27-05:00,Completed,9641756c-3f37-67de-d4b4-a56c647ccb22,"Street 9, 953",JKL,TX,United States,72797,Okay,2,credit,4,46,Product46,white,Google,Description46,https://example.com/image46.jpg,1,Categoria1,23,68.95,2023-11-29 11:43:06Z
2023-11-16 07:13:34Z,854a5ffd-649b-aef7-3a81-7a0eb5ac671e,user10,user10@example.com,"Street 10, 937",ABC,NY,Canada,65890,ORD319,2023-11-03T03:49:51-05:00,Cancelled,3e9cf4eb-21c3-7b92-f7eb-3dccfb6a553d,"Street 3, 55",GHI,NY,Canada,27498,Bad,1,debit,2,13,Product13,blue,Sony,Description13,https://example.com/image13.jpg,1,Categoria1,14,362.33,2023-11-16 07:13:34Z
2023-11-05 06:01:25Z,854a5ffd-649b-aef7-3a81-7a0eb5ac671e,user10,user10@example.com,"Street 10, 937",ABC,NY,Canada,65890,ORD320,2023-11-08T10:28:48-05:00,Pending,d5ef2718-16f7-b5cd-44b3-7f717e6c78fd,"Street 12, 653",ABC,SC,United States,13469,Bad,5,credit,4,14,Product14,white,Apple,Description14,https://example.com/image14.jpg,1,Categoria1,24,195.61,2023-11-05 06:01:25Z
2023-11-22 01:27:04Z,2937c3dd-a3ed-42a0-4607-77f4974fbfa7,user2,user2@example.com,"Street 2, 59",DEF,CA,Canada,52673,ORD321,2023-11-02T04:24:12-05:00,Pending,99ec5f74-064a-36e4-9367-08217bc880b2,"Street 5, 330",JKL,NY,Brasil,59925,Great,1,cash,2,39,Product39,white,Sony,Description39,https://example.com/image39.jpg,1,Categoria1,59,344.34,2023-11-22 01:27:04Z
2023-11-25 03:23:49Z,d5ef2718-16f7-b5cd-44b3-7f717e6c78fd,user12,user12@example.com,"Street 12, 653",ABC,SC,United States,13469,ORD322,2023-11-19T14:53:23-05:00,Pending,346c56fe-6f13-a35f-b686-fd70fe39980a,"Street 6, 224",GHI,CA,United States,30547,Great,3,cash,4,25,Product25,white,Google,Description25,https://example.com/image25.jpg,1,Categoria1,39,22.23,2023-11-25 03:23:49Z
2023-11-07 23:23:37Z,d5ef2718-16f7-b5cd-44b3-7f717e6c78fd,user12,user12@example.com,"Street 12, 653",ABC,SC,United States,13469,ORD323,2023-11-27T02:55:36-05:00,Completed,e64773a8-b11e-d252-aed3-ae60b9d77a81,"Street 4, 683",JKL,CA,Brasil,14193,Bom,1,debit,5,62,Product62,green,Sony,Description62,https://example.com/image62.jpg,1,Categoria1,44,8.83,2023-11-07 23:23:37Z
2023-11-15 21:31:35Z,854a5ffd-649b-aef7-3a81-7a0eb5ac671e,user10,user10@example.com,"Street 10, 937",ABC,NY,Canada,65890,ORD324,2023-11-30T21:41:48-05:00,Cancelled,0eb8c406-21cd-1d92-70e0-b1279008a12f,"Street 11, 853",ABC,TX,United States,32400,Bad,3,credit,1,100,Product100,green,Apple,Description100,https://example.com/image100.jpg,1,Categoria1,41,400.4,2023-11-15 21:31:35Z
2023-11-13 07:25:02Z,3e9cf4eb-21c3-7b92-f7eb-3dccfb6a553d,user3,user3@example.com,"Street 3, 55",GHI,NY,Canada,27498,ORD325,2023-11-26T02:01:30-05:00,Completed,9641756c-3f37-67de-d4b4-a56c647ccb22,"Street 9, 953",JKL,TX,United States,72797,Terrible,3,debit,1,88,Product88,blue,Apple,Description88,https://example.com/image88.jpg,1,Categoria1,34,84.04,2023-11-13 07:25:02Z
2023-11-01 12:36:38Z,c257e962-53a6-4d22-9a55-30569f5133b8,user7,user7@example.com,"Street 7, 272",JKL,TX,Canada,23454,ORD326,2023-11-20T02:45:51-05:00,Cancelled,346c56fe-6f13-a35f-b686-fd70fe39980a,"Street 6, 224",GHI,CA,United States,30547,Bom,3,pix,5,50,Product50,white,Microsoft,Description50,https://example.com/image50.jpg,1,Categoria1,60,392.93,2023-11-01 12:36:38Z
2023-11-12 00:30:56Z,99ec5f74-064a-36e4-9367-08217bc880b2,user5,user5@example.com,"Street 5, 330",JKL,NY,Brasil,59925,ORD327,2023-11-06T13:46:36-05:00,Completed,e64773a8-b11e-d252-aed3-ae60b9d77a81,"Street 4, 683",JKL,CA,Brasil,14193,Bom,4,pix,3,41,Product41,white,Microsoft,Description41,https://example.com/image41.jpg,1,Categoria1,24,401.12,2023-11-12 00:30:56Z
2023-11-10 20:18:09Z,d5ef2718-16f7-b5cd-44b3-7f717e6c78fd,user12,user12@example.com,"Street 12, 653",ABC,SC,United States,13469,ORD328,2023-11-30T13:34:43-05:00,Pending,346c56fe-6f13-a35f-b686-fd70fe39980a,"Street 6, 224",GHI,CA,United States,30547,Terrible,2,cash,2,7,Product7,black,Samsung,Description7,https://example.com/image7.jpg,1,Categoria1,63,415.24,2023-11-10 20:18:09Z
2023-11-02 06:56:00Z,9641756c-3f37-67de-d4b4-a56c647ccb22,user9,user9@example.com,"Street 9, 953",JKL,TX,United States,72797,ORD329,2023-11-17T03:37:01-05:00,Completed,d5ef2718-16f7-b5cd-44b3-7f717e6c78fd,"Street 12, 653",ABC,SC,United States,13469,Bom,3,pix,5,65,Product65,green,Samsung,Description65,https://example.com/image65.jpg,1,Categoria1,49,405.02,2023-11-02 06:56:00Z
2023-11-08 20:34:00Z,e64773a8-b11e-d252-aed3-ae60b9d77a81,user4,user4@example.com,"Street 4, 683",JKL,CA,Brasil,14193,ORD330,2023-11-26T07:19:19-05:00,Completed,854a5ffd-649b-aef7-3a81-7a0eb5ac671e,"Street 10, 937",ABC,NY,Canada,65890,Great,1,debit,2,94,Product94,blue,Sony,Description94,https://example.com/image94.jpg,1,Categoria1,94,182.16,2023-11-08 20:34:00Z
2023-11-18 18:53:48Z,854a5ffd-649b-aef7-3a81-7a0eb5ac671e,user10,user10@example.com,"Street 10, 937",ABC,NY,Canada,65890,ORD331,2023-11-19T00:46:24-05:00,Completed,2937c3dd-a3ed-42a0-4607-77f4974fbfa7,"Street 2, 59",DEF,CA,Canada,52673,Bad,1,cash,5,33,Product33,blue,Google,Description33,https://example.com/image33.jpg,1,Categoria1,9,21.67,2023-11-18 18:53:48Z
2023-11-11 02:32:40Z,e64773a8-b11e-d252-aed3-ae60b9d77a81,user4,user4@example.com,"Street 4, 683",JKL,CA,Brasil,14193,ORD332,2023-11-23T02:15:57-05:00,Completed,0eb8c406-21cd-1d92-70e0-b1279008a12f,"Street 11, 853",ABC,TX,United States,32400,Bad,1,pix,2,7,Product7,black,Samsung,Description7,https://example.com/image7.jpg,1,Categoria1,63,415.24,2023-11-11 02:32:40Z
2023-11-16 03:45:06Z,d5ef2718-16f7-b5cd-44b3-7f717e6c78fd,user12,user12@example.com,"Street 12, 653",ABC,SC,United States,13469,ORD333,2023-11-04T11:46:57-05:00,Cancelled,2937c3dd-a3ed-42a0-4607-77f4974fbfa7,"Street 2, 59",DEF,CA,Canada,52673,Great,4,cash,2,103,Product103,blue,Apple,Description103,https://example.com/image103.jpg,1,Categoria1,49,400.21,2023-11-16 03:45:06Z
2023-11-11 01:27:02Z,c257e962-53a6-4d22-9a55-30569f5133b8,user7,user7@example.com,"Street 7, 272",JKL,TX,Canada,23454,ORD334,2023-11-29T06:16:59-05:00,Cancelled,d5ef2718-16f7-b5cd-44b3-7f717e6c78fd,"Street 12, 653",ABC,SC,United States,13469,Okay,3,debit,1,13,Product13,blue,Sony,Description13,https://example.com/image13.jpg,1,Categoria1,14,362.33,2023-11-11 01:27:02Z
2023-11-02 10:36:00Z,9641756c-3f37-67de-d4b4-a56c647ccb22,user9,user9@example.com,"Street 9, 953",JKL,TX,United States,72797,ORD335,2023-11-12T08:29:59-05:00,Completed,9641756c-3f37-67de-d4b4-a56c647ccb22,"Street 9, 953",JKL,TX,United States,72797,Okay,4,pix,2,121,Product121,black,Google,Description121,https://example.com/image121.jpg,1,Categoria1,8,155.45,2023-11-02 10:36:00Z
2023-11-01 03:54:11Z,d5ef2718-16f7-b5cd-44b3-7f717e6c78fd,user12,user12@example.com,"Street 12, 653",ABC,SC,United States,13469,ORD336,2023-11-12T02:17:41-05:00,Pending,b3b08fca-c21b-c8ad-f4d6-c6a56be26a24,"Street 1, 622",DEF,SC,Canada,72173,Great,3,debit,3,83,Product83,blue,Microsoft,Description83,https://example.com/image83.jpg,1,Categoria1,74,218.04,2023-11-01 03:54:11Z
2023-11-30 23:19:55Z,3e9cf4eb-21c3-7b92-f7eb-3dccfb6a553d,user3,user3@example.com,"Street 3, 55",GHI,NY,Canada,27498,ORD337,2023-11-14T09:25:02-05:00,Pending,0eb8c406-21cd-1d92-70e0-b1279008a12f,"Street 11, 853",ABC,TX,United States,32400,Terrible,2,debit,2,18,Product18,green,Microsoft,Description18,https://example.com/image18.jpg,1,Categoria1,52,93.19,2023-11-30 23:19:55Z
2023-11-18 03:47:00Z,c257e962-53a6-4d22-9a55-30569f5133b8,user7,user7@example.com,"Street 7, 272",JKL,TX,Canada,23454,ORD338,2023-11-28T11:13:41-05:00,Cancelled,b3b08fca-c21b-c8ad-f4d6-c6a56be26a24,"Street 1, 622",DEF,SC,Canada,72173,Great,1,pix,1,47,Product47,red,Apple,Description47,https://example.com/image47.jpg,1,Categoria1,59,207.09,2023-11-18 03:47:00Z
2023-11-15 05:05:15Z,c257e962-53a6-4d22-9a55-30569f5133b8,user7,user7@example.com,"Street 7, 272",JKL,TX,Canada,23454,ORD339,2023-11-09T22:09:29-05:00,Completed,b3b08fca-c21b-c8ad-f4d6-c6a56be26a24,"Street 1, 622",DEF,SC,Canada,72173,Okay,2,credit,5,98,Product98,white,Apple,Description98,https://example.com/image98.jpg,1,Categoria1,19,88.11,2023-11-15 05:05:15Z
2023-11-17 06:32:13Z,b3b08fca-c21b-c8ad-f4d6-c6a56be26a24,user1,user1@example.com,"Street 1, 622",DEF,SC,Canada,72173,ORD340,2023-11-20T17:43:14-05:00,Cancelled,b3b08fca-c21b-c8ad-f4d6-c6a56be26a24,"Street 1, 622",DEF,SC,Canada,72173,Bad,4,cash,1,62,Product62,green,Sony,Description62,https://example.com/image62.jpg,1,Categoria1,44,8.83,2023-11-17 06:32:13Z
2023-11-22 18:31:40Z,99ec5f74-064a-36e4-9367-08217bc880b2,user5,user5@example.com,"Street 5, 330",JKL,NY,Brasil,59925,ORD341,2023-11-19T04:32:58-05:00,Pending,2937c3dd-a3ed-42a0-4607-77f4974fbfa7,"Street 2, 59",DEF,CA,Canada,52673,Terrible,1,debit,1,65,Product65,green,Samsung,Description65,https://example.com/image65.jpg,1,Categoria1,49,405.02,2023-11-22 18:31:40Z
2023-11-16 06:47:01Z,2937c3dd-a3ed-42a0-4607-77f4974fbfa7,user2,user2@example.com,"Street 2, 59",DEF,CA,Canada,52673,ORD342,2023-11-28T15:34:07-05:00,Completed,f200c2e4-9923-386d-f9a8-e30e0f1c0022,"Street 8, 566",ABC,CA,Brasil,55549,Okay,4,pix,3,8,Product8,blue,Google,Description8,https://example.com/image8.jpg,1,Categoria1,93,103.99,2023-11-16 06:47:01Z
2023-11-04 20:56:22Z,0eb8c406-21cd-1d92-70e0-b1279008a12f,user11,user11@example.com,"Street 11, 853",ABC,TX,United States,32400,ORD343,2023-11-08T03:23:55-05:00,Pending,f200c2e4-9923-386d-f9a8-e30e0f1c0022,"Street 8, 566",ABC,CA,Brasil,55549,Bom,4,pix,3,37,Product37,black,Samsung,Description37,https://example.com/image37.jpg,1,Categoria1,23,16.05,2023-11-04 20:56:22Z
2023-11-14 23:23:38Z,2937c3dd-a3ed-42a0-4607-77f4974fbfa7,user2,user2@example.com,"Street 2, 59",DEF,CA,Canada,52673,ORD344,2023-11-03T00:38:16-05:00,Completed,3e9cf4eb-21c3-7b92-f7eb-3dccfb6a553d,"Street 3, 55",GHI,NY,Canada,27498,Okay,2,cash,1,14,Product14,white,Apple,Description14,https://example.com/image14.jpg,1,Categoria1,24,195.61,2023-11-14 23:23:38Z
2023-11-17 10:03:15Z,9641756c-3f37-67de-d4b4-a56c647ccb22,user9,user9@example.com,"Street 9, 953",JKL,TX,United States,72797,ORD345,2023-11-25T09:29:33-05:00,Pending,e64773a8-b11e-d252-aed3-ae60b9d77a81,"Street 4, 683",JKL,CA,Brasil,14193,Great,1,debit,5,34,Product34,white,Google,Description34,https://example.com/image34.jpg,1,Categoria1,3,146.2,2023-11-17 10:03:15Z
2023-11-17 08:17:31Z,346c56fe-6f13-a35f-b686-fd70fe39980a,user6,user6@example.com,"Street 6, 224",GHI,CA,United States,30547,ORD346,2023-11-26T05:12:04-05:00,Cancelled,99ec5f74-064a-36e4-9367-08217bc880b2,"Street 5, 330",JKL,NY,Brasil,59925,Bad,2,pix,5,87,Product87,red,Apple,Description87,https://example.com/image87.jpg,1,Categoria1,52,210.36,2023-11-17 08:17:31Z
2023-11-16 21:08:24Z,346c56fe-6f13-a35f-b686-fd70fe39980a,user6,user6@example.com,"Street 6, 224",GHI,CA,United States,30547,ORD347,2023-11-15T11:50:10-05:00,Cancelled,e64773a8-b11e-d252-aed3-ae60b9d77a81,"Street 4, 683",JKL,CA,Brasil,14193,Great,3,cash,3,81,Product81,black,Google,Description81,https://example.com/image81.jpg,1,Categoria1,73,316.37,2023-11-16 21:08:24Z
2023-11-22 02:05:31Z,346c56fe-6f13-a35f-b686-fd70fe39980a,user6,user6@example.com,"Street 6, 224",GHI,CA,United States,30547,ORD348,2023-11-06T04:24:22-05:00,Cancelled,346c56fe-6f13-a35f-b686-fd70fe39980a,"Street 6, 224",GHI,CA,United States,30547,Terrible,1,debit,4,48,Product48,white,Apple,Description48,https://example.com/image48.jpg,1,Categoria1,65,110.15,2023-11-22 02:05:31Z
2023-11-17 04:33:40Z,c257e962-53a6-4d22-9a55-30569f5133b8,user7,user7@example.com,"Street 7, 272",JKL,TX,Canada,23454,ORD349,2023-11-10T06:42:01-05:00,Completed,e64773a8-b11e-d252-aed3-ae60b9d77a81,"Street 4, 683",JKL,CA,Brasil,14193,Bad,1,cash,3,98,Product98,white,Apple,Description98,https://example.com/image98.jpg,1,Categoria1,19,88.11,2023-11-17 04:33:40Z
2023-11-21 21:54:52Z,3e9cf4eb-21c3-7b92-f7eb-3dccfb6a553d,user3,user3@example.com,"Street 3, 55",GHI,NY,Canada,27498,ORD350,2023-11-30T08:23:24-05:00,Completed,3e9cf4eb-21c3-7b92-f7eb-3dccfb6a553d,"Street 3, 55",GHI,NY,Canada,27498,Bad,1,cash,5,1,Product1,black,Google,Description1,https://example.com/image1.jpg,1,Categoria1,57,486.23,2023-11-21 21:54:52Z
2023-11-11 02:13:24Z,346c56fe-6f13-a35f-b686-fd70fe39980a,user6,user6@example.com,"Street 6, 224",GHI,CA,United States,30547,ORD351,2023-11-25T01:42:30-05:00,Completed,2937c3dd-a3ed-42a0-4607-77f4974fbfa7,"Street 2, 59",DEF,CA,Canada,52673,Bad,3,credit,1,38,Product38,blue,Microsoft,Description38,https://example.com/image38.jpg,1,Categoria1,95,175.81,2023-11-11 02:13:24Z
2023-11-23 02:09:01Z,b3b08fca-c21b-c8ad-f4d6-c6a56be26a24,user1,user1@example.com,"Street 1, 622",DEF,SC,Canada,72173,ORD352,2023-11-19T20:25:38-05:00,Cancelled,c257e962-53a6-4d22-9a55-30569f5133b8,"Street 7, 272",JKL,TX,Canada,23454,Bad,3,credit,2,64,Product64,black,Sony,Description64,https://example.com/image64.jpg,1,Categoria1,49,399.48,2023-11-23 02:09:01Z
2023-11-05 18:31:45Z,346c56fe-6f13-a35f-b686-fd70fe39980a,user6,user6@example.com,"Street 6, 224",GHI,CA,United States,30547,ORD353,2023-11-28T17:01:24-05:00,Completed,346c56fe-6f13-a35f-b686-fd70fe39980a,"Street 6, 224",GHI,CA,United States,30547,Okay,1,cash,4,26,Product26,green,Microsoft,Description26,https://example.com/image26.jpg,1,Categoria1,100,452.64,2023-11-05 18:31:45Z
2023-11-15 15:25:22Z,f200c2e4-9923-386d-f9a8-e30e0f1c0022,user8,user8@example.com,"Street 8, 566",ABC,CA,Brasil,55549,ORD354,2023-11-01T12:03:52-05:00,Completed,d5ef2718-16f7-b5cd-44b3-7f717e6c78fd,"Street 12, 653",ABC,SC,United States,13469,Great,3,credit,2,7,Product7,black,Samsung,Description7,https://example.com/image7.jpg,1,Categoria1,63,415.24,2023-11-15 15:25:22Z
2023-11-06 05:55:24Z,d5ef2718-16f7-b5cd-44b3-7f717e6c78fd,user12,user12@example.com,"Street 12, 653",ABC,SC,United States,13469,ORD355,2023-11-05T11:45:33-05:00,Cancelled,2937c3dd-a3ed-42a0-4607-77f4974fbfa7,"Street 2, 59",DEF,CA,Canada,52673,Okay,2,pix,5,118,Product118,white,Apple,Description118,https://example.com/image118.jpg,1,Categoria1,64,171.34,2023-11-06 05:55:24Z
2023-11-14 06:42:44Z,d5ef2718-16f7-b5cd-44b3-7f717e6c78fd,user12,user12@example.com,"Street 12, 653",ABC,SC,United States,13469,ORD356,2023-11-15T12:00:49-05:00,Completed,b3b08fca-c21b-c8ad-f4d6-c6a56be26a24,"Street 1, 622",DEF,SC,Canada,72173,Bom,3,credit,4,40,Product40,red,Apple,Description40,https://example.com/image40.jpg,1,Categoria1,80,20.83,2023-11-14 06:42:44Z
2023-11-12 06:14:39Z,346c56fe-6f13-a35f-b686-fd70fe39980a,user6,user6@example.com,"Street 6, 224",GHI,CA,United States,30547,ORD357,2023-11-10T22:12:40-05:00,Cancelled,f200c2e4-9923-386d-f9a8-e30e0f1c0022,"Street 8, 566",ABC,CA,Brasil,55549,Bad,5,pix,1,80,Product80,black,Sony,Description80,https://example.com/image80.jpg,1,Categoria1,15,228.23,2023-11-12 06:14:39Z
2023-11-01 15:56:08Z,e64773a8-b11e-d252-aed3-ae60b9d77a81,user4,user4@example.com,"Street 4, 683",JKL,CA,Brasil,14193,ORD358,2023-11-07T17:39:02-05:00,Cancelled,d5ef2718-16f7-b5cd-44b3-7f717e6c78fd,"Street 12, 653",ABC,SC,United States,13469,Okay,3,credit,4,65,Product65,green,Samsung,Description65,https://example.com/image65.jpg,1,Categoria1,49,405.02,2023-11-01 15:56:08Z
2023-11-27 19:55:36Z,346c56fe-6f13-a35f-b686-fd70fe39980a,user6,user6@example.com,"Street 6, 224",GHI,CA,United States,30547,ORD359,2023-11-09T14:25:58-05:00,Completed,2937c3dd-a3ed-42a0-4607-77f4974fbfa7,"Street 2, 59",DEF,CA,Canada,52673,Terrible,5,credit,5,44,Product44,black,Google,Description44,https://example.com/image44.jpg,1,Categoria1,63,36.46,2023-11-27 19:55:36Z
2023-11-10 15:45:33Z,854a5ffd-649b-aef7-3a81-7a0eb5ac671e,user10,user10@example.com,"Street 10, 937",ABC,NY,Canada,65890,ORD360,2023-11-10T08:36:37-05:00,Cancelled,854a5ffd-649b-aef7-3a81-7a0eb5ac671e,"Street 10, 937",ABC,NY,Canada,65890,Bad,2,debit,2,2,Product2,red,Microsoft,Description2,https://example.com/image2.jpg,1,Categoria1,13,380.0,2023-11-10 15:45:33Z
2023-11-06 11:03:04Z,b3b08fca-c21b-c8ad-f4d6-c6a56be26a24,user1,user1@example.com,"Street 1, 622",DEF,SC,Canada,72173,ORD361,2023-11-08T08:40:55-05:00,Cancelled,346c56fe-6f13-a35f-b686-fd70fe39980a,"Street 6, 224",GHI,CA,United States,30547,Great,1,debit,5,124,Product124,green,Sony,Description124,https://example.com/image124.jpg,1,Categoria1,25,156.04,2023-11-06 11:03:04Z
2023-11-25 02:10:14Z,b3b08fca-c21b-c8ad-f4d6-c6a56be26a24,user1,user1@example.com,"Street 1, 622",DEF,SC,Canada,72173,ORD362,2023-11-30T07:21:07-05:00,Completed,99ec5f74-064a-36e4-9367-08217bc880b2,"Street 5, 330",JKL,NY,Brasil,59925,Terrible,3,cash,1,33,Product33,blue,Google,Description33,https://example.com/image33.jpg,1,Categoria1,9,21.67,2023-11-25 02:10:14Z
2023-11-09 07:09:59Z,9641756c-3f37-67de-d4b4-a56c647ccb22,user9,user9@example.com,"Street 9, 953",JKL,TX,United States,72797,ORD363,2023-11-01T10:28:36-05:00,Pending,c257e962-53a6-4d22-9a55-30569f5133b8,"Street 7, 272",JKL,TX,Canada,23454,Bom,5,pix,2,35,Product35,white,Sony,Description35,https://example.com/image35.jpg,1,Categoria1,41,444.8,2023-11-09 07:09:59Z
2023-11-22 13:55:30Z,b3b08fca-c21b-c8ad-f4d6-c6a56be26a24,user1,user1@example.com,"Street 1, 622",DEF,SC,Canada,72173,ORD364,2023-11-30T13:54:15-05:00,Cancelled,b3b08fca-c21b-c8ad-f4d6-c6a56be26a24,"Street 1, 622",DEF,SC,Canada,72173,Great,3,credit,4,56,Product56,black,Google,Description56,https://example.com/image56.jpg,1,Categoria1,85,452.26,2023-11-22 13:55:30Z
2023-11-28 07:23:27Z,d5ef2718-16f7-b5cd-44b3-7f717e6c78fd,user12,user12@example.com,"Street 12, 653",ABC,SC,United States,13469,ORD365,2023-11-22T02:40:20-05:00,Completed,b3b08fca-c21b-c8ad-f4d6-c6a56be26a24,"Street 1, 622",DEF,SC,Canada,72173,Terrible,5,pix,3,66,Product66,blue,Apple,Description66,https://example.com/image66.jpg,1,Categoria1,27,159.45,2023-11-28 07:23:27Z
2023-11-19 23:50:41Z,f200c2e4-9923-386d-f9a8-e30e0f1c0022,user8,user8@example.com,"Street 8, 566",ABC,CA,Brasil,55549,ORD366,2023-11-06T16:55:48-05:00,Completed,3e9cf4eb-21c3-7b92-f7eb-3dccfb6a553d,"Street 3, 55",GHI,NY,Canada,27498,Bom,1,credit,2,1,Product1,black,Google,Description1,https://example.com/image1.jpg,1,Categoria1,57,486.23,2023-11-19 23:50:41Z
2023-11-25 03:10:06Z,9641756c-3f37-67de-d4b4-a56c647ccb22,user9,user9@example.com,"Street 9, 953",JKL,TX,United States,72797,ORD367,2023-11-04T20:02:20-05:00,Cancelled,2937c3dd-a3ed-42a0-4607-77f4974fbfa7,"Street 2, 59",DEF,CA,Canada,52673,Okay,3,pix,2,80,Product80,black,Sony,Description80,https://example.com/image80.jpg,1,Categoria1,15,228.23,2023-11-25 03:10:06Z
2023-11-06 14:48:40Z,b3b08fca-c21b-c8ad-f4d6-c6a56be26a24,user1,user1@example.com,"Street 1, 622",DEF,SC,Canada,72173,ORD368,2023-11-08T07:25:40-05:00,Cancelled,c257e962-53a6-4d22-9a55-30569f5133b8,"Street 7, 272",JKL,TX,Canada,23454,Okay,3,pix,5,56,Product56,black,Google,Description56,https://example.com/image56.jpg,1,Categoria1,85,452.26,2023-11-06 14:48:40Z
2023-11-18 15:58:27Z,d5ef2718-16f7-b5cd-44b3-7f717e6c78fd,user12,user12@example.com,"Street 12, 653",ABC,SC,United States,13469,ORD369,2023-11-29T19:13:42-05:00,Cancelled,b3b08fca-c21b-c8ad-f4d6-c6a56be26a24,"Street 1, 622",DEF,SC,Canada,72173,Bad,5,cash,2,100,Product100,green,Apple,Description100,https://example.com/image100.jpg,1,Categoria1,41,400.4,2023-11-18 15:58:27Z
2023-11-21 17:18:43Z,99ec5f74-064a-36e4-9367-08217bc880b2,user5,user5@example.com,"Street 5, 330",JKL,NY,Brasil,59925,ORD370,2023-11-11T22:15:54-05:00,Completed,f200c2e4-9923-386d-f9a8-e30e0f1c0022,"Street 8, 566",ABC,CA,Brasil,55549,Bom,2,debit,3,85,Product85,blue,Sony,Description85,https://example.com/image85.jpg,1,Categoria1,62,459.74,2023-11-21 17:18:43Z
2023-11-24 07:28:33Z,9641756c-3f37-67de-d4b4-a56c647ccb22,user9,user9@example.com,"Street 9, 953",JKL,TX,United States,72797,ORD371,2023-11-05T22:16:59-05:00,Completed,854a5ffd-649b-aef7-3a81-7a0eb5ac671e,"Street 10, 937",ABC,NY,Canada,65890,Bom,2,credit,2,97,Product97,red,Samsung,Description97,https://example.com/image97.jpg,1,Categoria1,60,398.37,2023-11-24 07:28:33Z
2023-11-24 16:54:37Z,346c56fe-6f13-a35f-b686-fd70fe39980a,user6,user6@example.com,"Street 6, 224",GHI,CA,United States,30547,ORD372,2023-11-28T23:01:07-05:00,Completed,99ec5f74-064a-36e4-9367-08217bc880b2,"Street 5, 330",JKL,NY,Brasil,59925,Terrible,2,credit,4,85,Product85,blue,Sony,Description85,https://example.com/image85.jpg,1,Categoria1,62,459.74,2023-11-24 16:54:37Z
2023-11-13 13:19:59Z,346c56fe-6f13-a35f-b686-fd70fe39980a,user6,user6@example.com,"Street 6, 224",GHI,CA,United States,30547,ORD373,2023-11-15T07:05:20-05:00,Completed,0eb8c406-21cd-1d92-70e0-b1279008a12f,"Street 11, 853",ABC,TX,United States,32400,Bom,5,cash,4,92,Product92,green,Google,Description92,https://example.com/image92.jpg,1,Categoria1,44,128.7,2023-11-13 13:19:59Z
2023-11-12 07:34:17Z,346c56fe-6f13-a35f-b686-fd70fe39980a,user6,user6@example.com,"Street 6, 224",GHI,CA,United States,30547,ORD374,2023-11-28T11:55:33-05:00,Completed,0eb8c406-21cd-1d92-70e0-b1279008a12f,"Street 11, 853",ABC,TX,United States,32400,Bom,2,pix,2,88,Product88,blue,Apple,Description88,https://example.com/image88.jpg,1,Categoria1,34,84.04,2023-11-12 07:34:17Z
2023-11-03 00:53:01Z,9641756c-3f37-67de-d4b4-a56c647ccb22,user9,user9@example.com,"Street 9, 953",JKL,TX,United States,72797,ORD375,2023-11-12T03:54:05-05:00,Completed,9641756c-3f37-67de-d4b4-a56c647ccb22,"Street 9, 953",JKL,TX,United States,72797,Bom,4,credit,1,76,Product76,black,Google,Description76,https://example.com/image76.jpg,1,Categoria1,67,364.1,2023-11-03 00:53:01Z
